,name,iterations,real_time,cpu_time,time_unit,bytes_per_second,items_per_second,label,error_occurred,error_message,N
0,BM_stan<LogSumExpFunc>/2048,45309,15571.2,15567.0,ns,,,,,,2048
1,BM_stan<LogSumExpFunc>/2048,45309,15500.6,15499.0,ns,,,,,,2048
2,BM_stan<LogSumExpFunc>/2048,45309,15413.0,15411.4,ns,,,,,,2048
3,BM_stan<LogSumExpFunc>/2048,45309,15601.8,15601.6,ns,,,,,,2048
4,BM_stan<LogSumExpFunc>/2048,45309,15425.0,15423.4,ns,,,,,,2048
5,BM_stan<LogSumExpFunc>/2048,45309,15416.4,15415.0,ns,,,,,,2048
6,BM_stan<LogSumExpFunc>/2048,45309,15476.6,15476.4,ns,,,,,,2048
7,BM_stan<LogSumExpFunc>/2048,45309,15410.0,15409.1,ns,,,,,,2048
8,BM_stan<LogSumExpFunc>/2048,45309,15446.6,15446.2,ns,,,,,,2048
9,BM_stan<LogSumExpFunc>/2048,45309,15437.8,15437.1,ns,,,,,,2048
10,BM_stan<LogSumExpFunc>/2048,45309,15516.6,15514.7,ns,,,,,,2048
11,BM_stan<LogSumExpFunc>/2048,45309,15455.0,15453.6,ns,,,,,,2048
12,BM_stan<LogSumExpFunc>/2048,45309,15546.7,15545.4,ns,,,,,,2048
13,BM_stan<LogSumExpFunc>/2048,45309,15459.7,15459.3,ns,,,,,,2048
14,BM_stan<LogSumExpFunc>/2048,45309,15507.4,15507.2,ns,,,,,,2048
15,BM_stan<LogSumExpFunc>/2048,45309,15355.0,15354.9,ns,,,,,,2048
16,BM_stan<LogSumExpFunc>/2048,45309,15376.6,15376.2,ns,,,,,,2048
17,BM_stan<LogSumExpFunc>/2048,45309,15444.8,15443.8,ns,,,,,,2048
18,BM_stan<LogSumExpFunc>/2048,45309,15454.8,15452.9,ns,,,,,,2048
19,BM_stan<LogSumExpFunc>/2048,45309,15431.0,15430.1,ns,,,,,,2048
20,BM_stan<LogSumExpFunc>/2048,45309,15512.7,15511.6,ns,,,,,,2048
21,BM_stan<LogSumExpFunc>/2048,45309,15617.1,15612.6,ns,,,,,,2048
22,BM_stan<LogSumExpFunc>/2048,45309,15359.0,15358.9,ns,,,,,,2048
23,BM_stan<LogSumExpFunc>/2048,45309,15420.2,15419.2,ns,,,,,,2048
24,BM_stan<LogSumExpFunc>/2048,45309,15421.9,15418.5,ns,,,,,,2048
25,BM_stan<LogSumExpFunc>/2048,45309,15431.8,15429.9,ns,,,,,,2048
26,BM_stan<LogSumExpFunc>/2048,45309,15441.6,15439.0,ns,,,,,,2048
27,BM_stan<LogSumExpFunc>/2048,45309,15395.3,15395.2,ns,,,,,,2048
28,BM_stan<LogSumExpFunc>/2048,45309,15397.5,15396.5,ns,,,,,,2048
29,BM_stan<LogSumExpFunc>/2048,45309,15479.5,15477.7,ns,,,,,,2048
30,BM_stan<LogSumExpFunc>/2048_mean,30,15457.4,15456.1,ns,,,,,,2048
31,BM_stan<LogSumExpFunc>/2048_median,30,15443.2,15441.4,ns,,,,,,2048
32,BM_stan<LogSumExpFunc>/2048_stddev,30,65.6805,65.1584,ns,,,,,,0
33,BM_stan<LogSumExpFunc>/2048_cv,30,0.00424912,0.0042157,,,,,,,0
34,BM_stan<LogSumExpFunc>/8,5518459,125.589,125.588,ns,,,,,,8
35,BM_stan<LogSumExpFunc>/8,5518459,125.636,125.625,ns,,,,,,8
36,BM_stan<LogSumExpFunc>/8,5518459,125.391,125.372,ns,,,,,,8
37,BM_stan<LogSumExpFunc>/8,5518459,126.185,126.171,ns,,,,,,8
38,BM_stan<LogSumExpFunc>/8,5518459,125.99,125.969,ns,,,,,,8
39,BM_stan<LogSumExpFunc>/8,5518459,126.03,126.026,ns,,,,,,8
40,BM_stan<LogSumExpFunc>/8,5518459,125.88,125.869,ns,,,,,,8
41,BM_stan<LogSumExpFunc>/8,5518459,126.122,126.116,ns,,,,,,8
42,BM_stan<LogSumExpFunc>/8,5518459,125.78,125.78,ns,,,,,,8
43,BM_stan<LogSumExpFunc>/8,5518459,126.349,126.328,ns,,,,,,8
44,BM_stan<LogSumExpFunc>/8,5518459,125.291,125.278,ns,,,,,,8
45,BM_stan<LogSumExpFunc>/8,5518459,126.563,126.563,ns,,,,,,8
46,BM_stan<LogSumExpFunc>/8,5518459,125.589,125.568,ns,,,,,,8
47,BM_stan<LogSumExpFunc>/8,5518459,126.466,126.459,ns,,,,,,8
48,BM_stan<LogSumExpFunc>/8,5518459,125.374,125.367,ns,,,,,,8
49,BM_stan<LogSumExpFunc>/8,5518459,125.996,125.983,ns,,,,,,8
50,BM_stan<LogSumExpFunc>/8,5518459,126.241,126.241,ns,,,,,,8
51,BM_stan<LogSumExpFunc>/8,5518459,126.005,125.998,ns,,,,,,8
52,BM_stan<LogSumExpFunc>/8,5518459,125.666,125.658,ns,,,,,,8
53,BM_stan<LogSumExpFunc>/8,5518459,126.179,126.179,ns,,,,,,8
54,BM_stan<LogSumExpFunc>/8,5518459,125.595,125.59,ns,,,,,,8
55,BM_stan<LogSumExpFunc>/8,5518459,125.927,125.923,ns,,,,,,8
56,BM_stan<LogSumExpFunc>/8,5518459,125.915,125.907,ns,,,,,,8
57,BM_stan<LogSumExpFunc>/8,5518459,125.363,125.357,ns,,,,,,8
58,BM_stan<LogSumExpFunc>/8,5518459,126.765,126.674,ns,,,,,,8
59,BM_stan<LogSumExpFunc>/8,5518459,125.252,125.246,ns,,,,,,8
60,BM_stan<LogSumExpFunc>/8,5518459,125.595,125.589,ns,,,,,,8
61,BM_stan<LogSumExpFunc>/8,5518459,125.293,125.281,ns,,,,,,8
62,BM_stan<LogSumExpFunc>/8,5518459,126.494,126.488,ns,,,,,,8
63,BM_stan<LogSumExpFunc>/8,5518459,126.362,126.354,ns,,,,,,8
64,BM_stan<LogSumExpFunc>/8_mean,30,125.896,125.885,ns,,,,,,8
65,BM_stan<LogSumExpFunc>/8_median,30,125.921,125.915,ns,,,,,,8
66,BM_stan<LogSumExpFunc>/8_stddev,30,0.421385,0.416785,ns,,,,,,0
67,BM_stan<LogSumExpFunc>/8_cv,30,0.00334708,0.00331084,,,,,,,0
68,BM_stan_varmat<LogSumExpFunc>/8,6734979,104.06,104.059,ns,,,,,,8
69,BM_stan_varmat<LogSumExpFunc>/8,6734979,103.728,103.722,ns,,,,,,8
70,BM_stan_varmat<LogSumExpFunc>/8,6734979,105.027,105.02,ns,,,,,,8
71,BM_stan_varmat<LogSumExpFunc>/8,6734979,103.932,103.917,ns,,,,,,8
72,BM_stan_varmat<LogSumExpFunc>/8,6734979,103.918,103.902,ns,,,,,,8
73,BM_stan_varmat<LogSumExpFunc>/8,6734979,104.076,104.062,ns,,,,,,8
74,BM_stan_varmat<LogSumExpFunc>/8,6734979,103.894,103.863,ns,,,,,,8
75,BM_stan_varmat<LogSumExpFunc>/8,6734979,103.693,103.678,ns,,,,,,8
76,BM_stan_varmat<LogSumExpFunc>/8,6734979,104.201,104.196,ns,,,,,,8
77,BM_stan_varmat<LogSumExpFunc>/8,6734979,104.029,104.028,ns,,,,,,8
78,BM_stan_varmat<LogSumExpFunc>/8,6734979,103.796,103.795,ns,,,,,,8
79,BM_stan_varmat<LogSumExpFunc>/8,6734979,103.675,103.675,ns,,,,,,8
80,BM_stan_varmat<LogSumExpFunc>/8,6734979,104.395,104.381,ns,,,,,,8
81,BM_stan_varmat<LogSumExpFunc>/8,6734979,104.057,104.039,ns,,,,,,8
82,BM_stan_varmat<LogSumExpFunc>/8,6734979,104.305,104.302,ns,,,,,,8
83,BM_stan_varmat<LogSumExpFunc>/8,6734979,103.818,103.811,ns,,,,,,8
84,BM_stan_varmat<LogSumExpFunc>/8,6734979,103.743,103.743,ns,,,,,,8
85,BM_stan_varmat<LogSumExpFunc>/8,6734979,104.063,104.061,ns,,,,,,8
86,BM_stan_varmat<LogSumExpFunc>/8,6734979,103.994,103.99,ns,,,,,,8
87,BM_stan_varmat<LogSumExpFunc>/8,6734979,104.028,104.025,ns,,,,,,8
88,BM_stan_varmat<LogSumExpFunc>/8,6734979,103.76,103.757,ns,,,,,,8
89,BM_stan_varmat<LogSumExpFunc>/8,6734979,103.968,103.962,ns,,,,,,8
90,BM_stan_varmat<LogSumExpFunc>/8,6734979,104.378,104.375,ns,,,,,,8
91,BM_stan_varmat<LogSumExpFunc>/8,6734979,104.033,104.028,ns,,,,,,8
92,BM_stan_varmat<LogSumExpFunc>/8,6734979,104.352,104.302,ns,,,,,,8
93,BM_stan_varmat<LogSumExpFunc>/8,6734979,103.779,103.779,ns,,,,,,8
94,BM_stan_varmat<LogSumExpFunc>/8,6734979,103.527,103.512,ns,,,,,,8
95,BM_stan_varmat<LogSumExpFunc>/8,6734979,103.704,103.686,ns,,,,,,8
96,BM_stan_varmat<LogSumExpFunc>/8,6734979,103.998,103.988,ns,,,,,,8
97,BM_stan_varmat<LogSumExpFunc>/8,6734979,104.158,104.155,ns,,,,,,8
98,BM_stan_varmat<LogSumExpFunc>/8_mean,30,104.003,103.994,ns,,,,,,8
99,BM_stan_varmat<LogSumExpFunc>/8_median,30,103.996,103.989,ns,,,,,,8
100,BM_stan_varmat<LogSumExpFunc>/8_stddev,30,0.294311,0.293492,ns,,,,,,0
101,BM_stan_varmat<LogSumExpFunc>/8_cv,30,0.00282983,0.00282221,,,,,,,0
102,BM_stan<LogSumExpFunc>/2,7803268,88.466,88.4645,ns,,,,,,2
103,BM_stan<LogSumExpFunc>/2,7803268,89.1314,89.1243,ns,,,,,,2
104,BM_stan<LogSumExpFunc>/2,7803268,90.2064,90.1993,ns,,,,,,2
105,BM_stan<LogSumExpFunc>/2,7803268,88.5258,88.5051,ns,,,,,,2
106,BM_stan<LogSumExpFunc>/2,7803268,89.1313,89.1173,ns,,,,,,2
107,BM_stan<LogSumExpFunc>/2,7803268,89.3052,89.3027,ns,,,,,,2
108,BM_stan<LogSumExpFunc>/2,7803268,89.7202,89.7201,ns,,,,,,2
109,BM_stan<LogSumExpFunc>/2,7803268,89.7701,89.76,ns,,,,,,2
110,BM_stan<LogSumExpFunc>/2,7803268,89.8057,89.8021,ns,,,,,,2
111,BM_stan<LogSumExpFunc>/2,7803268,87.947,87.9376,ns,,,,,,2
112,BM_stan<LogSumExpFunc>/2,7803268,90.5052,90.4925,ns,,,,,,2
113,BM_stan<LogSumExpFunc>/2,7803268,89.1361,89.1319,ns,,,,,,2
114,BM_stan<LogSumExpFunc>/2,7803268,87.9827,87.9802,ns,,,,,,2
115,BM_stan<LogSumExpFunc>/2,7803268,89.8012,89.7992,ns,,,,,,2
116,BM_stan<LogSumExpFunc>/2,7803268,88.3885,88.3885,ns,,,,,,2
117,BM_stan<LogSumExpFunc>/2,7803268,89.4913,89.4874,ns,,,,,,2
118,BM_stan<LogSumExpFunc>/2,7803268,89.8326,89.8285,ns,,,,,,2
119,BM_stan<LogSumExpFunc>/2,7803268,88.6594,88.6535,ns,,,,,,2
120,BM_stan<LogSumExpFunc>/2,7803268,88.7317,88.7295,ns,,,,,,2
121,BM_stan<LogSumExpFunc>/2,7803268,90.4133,90.4114,ns,,,,,,2
122,BM_stan<LogSumExpFunc>/2,7803268,89.329,89.329,ns,,,,,,2
123,BM_stan<LogSumExpFunc>/2,7803268,88.9349,88.9302,ns,,,,,,2
124,BM_stan<LogSumExpFunc>/2,7803268,89.5488,89.5447,ns,,,,,,2
125,BM_stan<LogSumExpFunc>/2,7803268,89.8896,89.8764,ns,,,,,,2
126,BM_stan<LogSumExpFunc>/2,7803268,89.7131,89.711,ns,,,,,,2
127,BM_stan<LogSumExpFunc>/2,7803268,88.1459,88.1445,ns,,,,,,2
128,BM_stan<LogSumExpFunc>/2,7803268,89.5447,89.5056,ns,,,,,,2
129,BM_stan<LogSumExpFunc>/2,7803268,89.4867,89.4485,ns,,,,,,2
130,BM_stan<LogSumExpFunc>/2,7803268,88.9107,88.9085,ns,,,,,,2
131,BM_stan<LogSumExpFunc>/2,7803268,89.9546,89.9476,ns,,,,,,2
132,BM_stan<LogSumExpFunc>/2_mean,30,89.2803,89.2727,ns,,,,,,2
133,BM_stan<LogSumExpFunc>/2_median,30,89.4079,89.3888,ns,,,,,,2
134,BM_stan<LogSumExpFunc>/2_stddev,30,0.693727,0.69264,ns,,,,,,0
135,BM_stan<LogSumExpFunc>/2_cv,30,0.00777022,0.0077587,,,,,,,0
136,BM_stan<LogSumExpFunc>/256,357294,1962.17,1962.04,ns,,,,,,256
137,BM_stan<LogSumExpFunc>/256,357294,1988.44,1987.91,ns,,,,,,256
138,BM_stan<LogSumExpFunc>/256,357294,1964.46,1964.27,ns,,,,,,256
139,BM_stan<LogSumExpFunc>/256,357294,1961.89,1961.67,ns,,,,,,256
140,BM_stan<LogSumExpFunc>/256,357294,1959.46,1959.42,ns,,,,,,256
141,BM_stan<LogSumExpFunc>/256,357294,1971.53,1971.28,ns,,,,,,256
142,BM_stan<LogSumExpFunc>/256,357294,1958.73,1958.69,ns,,,,,,256
143,BM_stan<LogSumExpFunc>/256,357294,1971.4,1971.4,ns,,,,,,256
144,BM_stan<LogSumExpFunc>/256,357294,1959.61,1959.55,ns,,,,,,256
145,BM_stan<LogSumExpFunc>/256,357294,1968.02,1967.98,ns,,,,,,256
146,BM_stan<LogSumExpFunc>/256,357294,2210.19,2117.33,ns,,,,,,256
147,BM_stan<LogSumExpFunc>/256,357294,2248.22,2228.72,ns,,,,,,256
148,BM_stan<LogSumExpFunc>/256,357294,1975.02,1974.96,ns,,,,,,256
149,BM_stan<LogSumExpFunc>/256,357294,1961.7,1961.59,ns,,,,,,256
150,BM_stan<LogSumExpFunc>/256,357294,1968.3,1968.18,ns,,,,,,256
151,BM_stan<LogSumExpFunc>/256,357294,1972.18,1972.14,ns,,,,,,256
152,BM_stan<LogSumExpFunc>/256,357294,1969.08,1969.02,ns,,,,,,256
153,BM_stan<LogSumExpFunc>/256,357294,1959.24,1959.19,ns,,,,,,256
154,BM_stan<LogSumExpFunc>/256,357294,1964.92,1964.92,ns,,,,,,256
155,BM_stan<LogSumExpFunc>/256,357294,1962.2,1962.17,ns,,,,,,256
156,BM_stan<LogSumExpFunc>/256,357294,1969.59,1969.49,ns,,,,,,256
157,BM_stan<LogSumExpFunc>/256,357294,1959.19,1959.05,ns,,,,,,256
158,BM_stan<LogSumExpFunc>/256,357294,1961.56,1961.53,ns,,,,,,256
159,BM_stan<LogSumExpFunc>/256,357294,1968.97,1968.59,ns,,,,,,256
160,BM_stan<LogSumExpFunc>/256,357294,1960.66,1960.59,ns,,,,,,256
161,BM_stan<LogSumExpFunc>/256,357294,1959.17,1959.03,ns,,,,,,256
162,BM_stan<LogSumExpFunc>/256,357294,1960.08,1959.96,ns,,,,,,256
163,BM_stan<LogSumExpFunc>/256,357294,1960.66,1960.48,ns,,,,,,256
164,BM_stan<LogSumExpFunc>/256,357294,1959.2,1959.05,ns,,,,,,256
165,BM_stan<LogSumExpFunc>/256,357294,1972.57,1972.32,ns,,,,,,256
166,BM_stan<LogSumExpFunc>/256_mean,30,1982.95,1979.08,ns,,,,,,256
167,BM_stan<LogSumExpFunc>/256_median,30,1963.33,1963.22,ns,,,,,,256
168,BM_stan<LogSumExpFunc>/256_stddev,30,67.4473,55.0987,ns,,,,,,0
169,BM_stan<LogSumExpFunc>/256_cv,30,0.0340137,0.0278405,,,,,,,0
170,BM_stan<LogSumExpFunc>/64,1238149,559.907,559.867,ns,,,,,,64
171,BM_stan<LogSumExpFunc>/64,1238149,564.817,564.767,ns,,,,,,64
172,BM_stan<LogSumExpFunc>/64,1238149,563.117,563.091,ns,,,,,,64
173,BM_stan<LogSumExpFunc>/64,1238149,567.864,567.823,ns,,,,,,64
174,BM_stan<LogSumExpFunc>/64,1238149,564.386,564.324,ns,,,,,,64
175,BM_stan<LogSumExpFunc>/64,1238149,559.836,559.82,ns,,,,,,64
176,BM_stan<LogSumExpFunc>/64,1238149,560.072,560.016,ns,,,,,,64
177,BM_stan<LogSumExpFunc>/64,1238149,559.167,559.093,ns,,,,,,64
178,BM_stan<LogSumExpFunc>/64,1238149,564.119,564.083,ns,,,,,,64
179,BM_stan<LogSumExpFunc>/64,1238149,559.612,559.607,ns,,,,,,64
180,BM_stan<LogSumExpFunc>/64,1238149,566.482,566.43,ns,,,,,,64
181,BM_stan<LogSumExpFunc>/64,1238149,562.101,562.074,ns,,,,,,64
182,BM_stan<LogSumExpFunc>/64,1238149,567.024,566.952,ns,,,,,,64
183,BM_stan<LogSumExpFunc>/64,1238149,560.773,560.764,ns,,,,,,64
184,BM_stan<LogSumExpFunc>/64,1238149,563.905,563.704,ns,,,,,,64
185,BM_stan<LogSumExpFunc>/64,1238149,561.779,561.76,ns,,,,,,64
186,BM_stan<LogSumExpFunc>/64,1238149,562.005,561.951,ns,,,,,,64
187,BM_stan<LogSumExpFunc>/64,1238149,559.565,559.509,ns,,,,,,64
188,BM_stan<LogSumExpFunc>/64,1238149,559.094,559.009,ns,,,,,,64
189,BM_stan<LogSumExpFunc>/64,1238149,560.944,560.909,ns,,,,,,64
190,BM_stan<LogSumExpFunc>/64,1238149,561.439,561.439,ns,,,,,,64
191,BM_stan<LogSumExpFunc>/64,1238149,559.385,559.348,ns,,,,,,64
192,BM_stan<LogSumExpFunc>/64,1238149,559.286,559.281,ns,,,,,,64
193,BM_stan<LogSumExpFunc>/64,1238149,561.138,561.121,ns,,,,,,64
194,BM_stan<LogSumExpFunc>/64,1238149,562.886,562.841,ns,,,,,,64
195,BM_stan<LogSumExpFunc>/64,1238149,559.668,559.652,ns,,,,,,64
196,BM_stan<LogSumExpFunc>/64,1238149,558.224,558.199,ns,,,,,,64
197,BM_stan<LogSumExpFunc>/64,1238149,562.726,562.658,ns,,,,,,64
198,BM_stan<LogSumExpFunc>/64,1238149,559.646,559.558,ns,,,,,,64
199,BM_stan<LogSumExpFunc>/64,1238149,559.154,559.152,ns,,,,,,64
200,BM_stan<LogSumExpFunc>/64_mean,30,561.671,561.627,ns,,,,,,64
201,BM_stan<LogSumExpFunc>/64_median,30,561.041,561.015,ns,,,,,,64
202,BM_stan<LogSumExpFunc>/64_stddev,30,2.57927,2.5692,ns,,,,,,0
203,BM_stan<LogSumExpFunc>/64_cv,30,0.00459214,0.00457456,,,,,,,0
204,BM_stan<LogSumExpFunc>/65536,1360,518717.0,518712.0,ns,,,,,,65536
205,BM_stan<LogSumExpFunc>/65536,1360,517620.0,517565.0,ns,,,,,,65536
206,BM_stan<LogSumExpFunc>/65536,1360,520725.0,520618.0,ns,,,,,,65536
207,BM_stan<LogSumExpFunc>/65536,1360,515967.0,515924.0,ns,,,,,,65536
208,BM_stan<LogSumExpFunc>/65536,1360,519010.0,518866.0,ns,,,,,,65536
209,BM_stan<LogSumExpFunc>/65536,1360,515391.0,515363.0,ns,,,,,,65536
210,BM_stan<LogSumExpFunc>/65536,1360,514728.0,514704.0,ns,,,,,,65536
211,BM_stan<LogSumExpFunc>/65536,1360,520851.0,520826.0,ns,,,,,,65536
212,BM_stan<LogSumExpFunc>/65536,1360,518397.0,518374.0,ns,,,,,,65536
213,BM_stan<LogSumExpFunc>/65536,1360,516745.0,516715.0,ns,,,,,,65536
214,BM_stan<LogSumExpFunc>/65536,1360,518441.0,518406.0,ns,,,,,,65536
215,BM_stan<LogSumExpFunc>/65536,1360,517587.0,517580.0,ns,,,,,,65536
216,BM_stan<LogSumExpFunc>/65536,1360,516685.0,516672.0,ns,,,,,,65536
217,BM_stan<LogSumExpFunc>/65536,1360,515864.0,515864.0,ns,,,,,,65536
218,BM_stan<LogSumExpFunc>/65536,1360,520152.0,520019.0,ns,,,,,,65536
219,BM_stan<LogSumExpFunc>/65536,1360,518803.0,518305.0,ns,,,,,,65536
220,BM_stan<LogSumExpFunc>/65536,1360,517714.0,517613.0,ns,,,,,,65536
221,BM_stan<LogSumExpFunc>/65536,1360,521104.0,520953.0,ns,,,,,,65536
222,BM_stan<LogSumExpFunc>/65536,1360,514614.0,514614.0,ns,,,,,,65536
223,BM_stan<LogSumExpFunc>/65536,1360,520685.0,520576.0,ns,,,,,,65536
224,BM_stan<LogSumExpFunc>/65536,1360,518433.0,518396.0,ns,,,,,,65536
225,BM_stan<LogSumExpFunc>/65536,1360,516292.0,516268.0,ns,,,,,,65536
226,BM_stan<LogSumExpFunc>/65536,1360,517062.0,517029.0,ns,,,,,,65536
227,BM_stan<LogSumExpFunc>/65536,1360,514582.0,514563.0,ns,,,,,,65536
228,BM_stan<LogSumExpFunc>/65536,1360,516987.0,516860.0,ns,,,,,,65536
229,BM_stan<LogSumExpFunc>/65536,1360,515821.0,515756.0,ns,,,,,,65536
230,BM_stan<LogSumExpFunc>/65536,1360,514695.0,514674.0,ns,,,,,,65536
231,BM_stan<LogSumExpFunc>/65536,1360,518103.0,518032.0,ns,,,,,,65536
232,BM_stan<LogSumExpFunc>/65536,1360,514709.0,514690.0,ns,,,,,,65536
233,BM_stan<LogSumExpFunc>/65536,1360,513816.0,513790.0,ns,,,,,,65536
234,BM_stan<LogSumExpFunc>/65536_mean,30,517343.0,517278.0,ns,,,,,,65536
235,BM_stan<LogSumExpFunc>/65536_median,30,517324.0,517297.0,ns,,,,,,65536
236,BM_stan<LogSumExpFunc>/65536_stddev,30,2106.72,2070.78,ns,,,,,,0
237,BM_stan<LogSumExpFunc>/65536_cv,30,0.00407218,0.00400323,,,,,,,0
238,BM_stan_varmat<LogSumExpFunc>/16,4726632,148.512,148.5,ns,,,,,,16
239,BM_stan_varmat<LogSumExpFunc>/16,4726632,147.912,147.898,ns,,,,,,16
240,BM_stan_varmat<LogSumExpFunc>/16,4726632,148.134,148.127,ns,,,,,,16
241,BM_stan_varmat<LogSumExpFunc>/16,4726632,148.235,148.224,ns,,,,,,16
242,BM_stan_varmat<LogSumExpFunc>/16,4726632,149.217,149.212,ns,,,,,,16
243,BM_stan_varmat<LogSumExpFunc>/16,4726632,148.231,148.227,ns,,,,,,16
244,BM_stan_varmat<LogSumExpFunc>/16,4726632,149.991,149.989,ns,,,,,,16
245,BM_stan_varmat<LogSumExpFunc>/16,4726632,155.064,152.153,ns,,,,,,16
246,BM_stan_varmat<LogSumExpFunc>/16,4726632,148.305,148.299,ns,,,,,,16
247,BM_stan_varmat<LogSumExpFunc>/16,4726632,148.306,148.301,ns,,,,,,16
248,BM_stan_varmat<LogSumExpFunc>/16,4726632,148.641,148.614,ns,,,,,,16
249,BM_stan_varmat<LogSumExpFunc>/16,4726632,148.604,148.591,ns,,,,,,16
250,BM_stan_varmat<LogSumExpFunc>/16,4726632,149.388,149.37,ns,,,,,,16
251,BM_stan_varmat<LogSumExpFunc>/16,4726632,148.019,148.012,ns,,,,,,16
252,BM_stan_varmat<LogSumExpFunc>/16,4726632,149.093,149.093,ns,,,,,,16
253,BM_stan_varmat<LogSumExpFunc>/16,4726632,149.02,149.01,ns,,,,,,16
254,BM_stan_varmat<LogSumExpFunc>/16,4726632,148.538,148.532,ns,,,,,,16
255,BM_stan_varmat<LogSumExpFunc>/16,4726632,148.465,148.453,ns,,,,,,16
256,BM_stan_varmat<LogSumExpFunc>/16,4726632,148.907,148.881,ns,,,,,,16
257,BM_stan_varmat<LogSumExpFunc>/16,4726632,147.989,147.984,ns,,,,,,16
258,BM_stan_varmat<LogSumExpFunc>/16,4726632,149.051,149.023,ns,,,,,,16
259,BM_stan_varmat<LogSumExpFunc>/16,4726632,148.207,148.198,ns,,,,,,16
260,BM_stan_varmat<LogSumExpFunc>/16,4726632,149.202,149.197,ns,,,,,,16
261,BM_stan_varmat<LogSumExpFunc>/16,4726632,148.172,148.166,ns,,,,,,16
262,BM_stan_varmat<LogSumExpFunc>/16,4726632,147.933,147.931,ns,,,,,,16
263,BM_stan_varmat<LogSumExpFunc>/16,4726632,148.424,148.402,ns,,,,,,16
264,BM_stan_varmat<LogSumExpFunc>/16,4726632,147.919,147.912,ns,,,,,,16
265,BM_stan_varmat<LogSumExpFunc>/16,4726632,148.193,148.189,ns,,,,,,16
266,BM_stan_varmat<LogSumExpFunc>/16,4726632,149.194,149.184,ns,,,,,,16
267,BM_stan_varmat<LogSumExpFunc>/16,4726632,148.122,148.117,ns,,,,,,16
268,BM_stan_varmat<LogSumExpFunc>/16_mean,30,148.766,148.66,ns,,,,,,16
269,BM_stan_varmat<LogSumExpFunc>/16_median,30,148.445,148.428,ns,,,,,,16
270,BM_stan_varmat<LogSumExpFunc>/16_stddev,30,1.29812,0.839351,ns,,,,,,0
271,BM_stan_varmat<LogSumExpFunc>/16_cv,30,0.00872588,0.00564613,,,,,,,0
272,BM_stan_varmat<LogSumExpFunc>/512,278867,2510.96,2510.7,ns,,,,,,512
273,BM_stan_varmat<LogSumExpFunc>/512,278867,2515.63,2515.3,ns,,,,,,512
274,BM_stan_varmat<LogSumExpFunc>/512,278867,2508.83,2508.68,ns,,,,,,512
275,BM_stan_varmat<LogSumExpFunc>/512,278867,2524.4,2524.2,ns,,,,,,512
276,BM_stan_varmat<LogSumExpFunc>/512,278867,2507.7,2507.41,ns,,,,,,512
277,BM_stan_varmat<LogSumExpFunc>/512,278867,2509.89,2509.66,ns,,,,,,512
278,BM_stan_varmat<LogSumExpFunc>/512,278867,2511.94,2511.84,ns,,,,,,512
279,BM_stan_varmat<LogSumExpFunc>/512,278867,2529.02,2528.93,ns,,,,,,512
280,BM_stan_varmat<LogSumExpFunc>/512,278867,2505.9,2505.64,ns,,,,,,512
281,BM_stan_varmat<LogSumExpFunc>/512,278867,2521.87,2521.73,ns,,,,,,512
282,BM_stan_varmat<LogSumExpFunc>/512,278867,2510.47,2510.41,ns,,,,,,512
283,BM_stan_varmat<LogSumExpFunc>/512,278867,2507.65,2507.56,ns,,,,,,512
284,BM_stan_varmat<LogSumExpFunc>/512,278867,2540.66,2536.56,ns,,,,,,512
285,BM_stan_varmat<LogSumExpFunc>/512,278867,2506.45,2506.27,ns,,,,,,512
286,BM_stan_varmat<LogSumExpFunc>/512,278867,2510.38,2510.25,ns,,,,,,512
287,BM_stan_varmat<LogSumExpFunc>/512,278867,2515.09,2515.09,ns,,,,,,512
288,BM_stan_varmat<LogSumExpFunc>/512,278867,2517.27,2517.21,ns,,,,,,512
289,BM_stan_varmat<LogSumExpFunc>/512,278867,2510.35,2510.19,ns,,,,,,512
290,BM_stan_varmat<LogSumExpFunc>/512,278867,2534.08,2533.85,ns,,,,,,512
291,BM_stan_varmat<LogSumExpFunc>/512,278867,2515.65,2515.54,ns,,,,,,512
292,BM_stan_varmat<LogSumExpFunc>/512,278867,2529.77,2529.51,ns,,,,,,512
293,BM_stan_varmat<LogSumExpFunc>/512,278867,2508.22,2508.03,ns,,,,,,512
294,BM_stan_varmat<LogSumExpFunc>/512,278867,2520.36,2520.16,ns,,,,,,512
295,BM_stan_varmat<LogSumExpFunc>/512,278867,2521.84,2521.72,ns,,,,,,512
296,BM_stan_varmat<LogSumExpFunc>/512,278867,2524.36,2524.0,ns,,,,,,512
297,BM_stan_varmat<LogSumExpFunc>/512,278867,2514.38,2514.24,ns,,,,,,512
298,BM_stan_varmat<LogSumExpFunc>/512,278867,2504.9,2504.63,ns,,,,,,512
299,BM_stan_varmat<LogSumExpFunc>/512,278867,2509.68,2509.52,ns,,,,,,512
300,BM_stan_varmat<LogSumExpFunc>/512,278867,2518.39,2518.28,ns,,,,,,512
301,BM_stan_varmat<LogSumExpFunc>/512,278867,2541.14,2541.02,ns,,,,,,512
302,BM_stan_varmat<LogSumExpFunc>/512_mean,30,2516.91,2516.6,ns,,,,,,512
303,BM_stan_varmat<LogSumExpFunc>/512_median,30,2514.73,2514.66,ns,,,,,,512
304,BM_stan_varmat<LogSumExpFunc>/512_stddev,30,10.0357,9.73892,ns,,,,,,0
305,BM_stan_varmat<LogSumExpFunc>/512_cv,30,0.00398732,0.00386987,,,,,,,0
306,BM_stan<LogSumExpFunc>/16,3768810,186.369,186.354,ns,,,,,,16
307,BM_stan<LogSumExpFunc>/16,3768810,185.894,185.881,ns,,,,,,16
308,BM_stan<LogSumExpFunc>/16,3768810,184.978,184.968,ns,,,,,,16
309,BM_stan<LogSumExpFunc>/16,3768810,183.928,183.924,ns,,,,,,16
310,BM_stan<LogSumExpFunc>/16,3768810,186.003,185.997,ns,,,,,,16
311,BM_stan<LogSumExpFunc>/16,3768810,183.683,183.675,ns,,,,,,16
312,BM_stan<LogSumExpFunc>/16,3768810,185.434,185.422,ns,,,,,,16
313,BM_stan<LogSumExpFunc>/16,3768810,184.145,184.13,ns,,,,,,16
314,BM_stan<LogSumExpFunc>/16,3768810,184.044,184.028,ns,,,,,,16
315,BM_stan<LogSumExpFunc>/16,3768810,185.009,185.007,ns,,,,,,16
316,BM_stan<LogSumExpFunc>/16,3768810,185.063,185.034,ns,,,,,,16
317,BM_stan<LogSumExpFunc>/16,3768810,184.243,184.231,ns,,,,,,16
318,BM_stan<LogSumExpFunc>/16,3768810,183.513,183.492,ns,,,,,,16
319,BM_stan<LogSumExpFunc>/16,3768810,185.001,184.993,ns,,,,,,16
320,BM_stan<LogSumExpFunc>/16,3768810,194.772,190.386,ns,,,,,,16
321,BM_stan<LogSumExpFunc>/16,3768810,185.346,185.308,ns,,,,,,16
322,BM_stan<LogSumExpFunc>/16,3768810,184.135,184.132,ns,,,,,,16
323,BM_stan<LogSumExpFunc>/16,3768810,184.84,184.835,ns,,,,,,16
324,BM_stan<LogSumExpFunc>/16,3768810,184.333,184.333,ns,,,,,,16
325,BM_stan<LogSumExpFunc>/16,3768810,184.569,184.552,ns,,,,,,16
326,BM_stan<LogSumExpFunc>/16,3768810,186.056,186.048,ns,,,,,,16
327,BM_stan<LogSumExpFunc>/16,3768810,184.927,184.915,ns,,,,,,16
328,BM_stan<LogSumExpFunc>/16,3768810,183.792,183.781,ns,,,,,,16
329,BM_stan<LogSumExpFunc>/16,3768810,185.487,185.474,ns,,,,,,16
330,BM_stan<LogSumExpFunc>/16,3768810,183.866,183.833,ns,,,,,,16
331,BM_stan<LogSumExpFunc>/16,3768810,183.491,183.471,ns,,,,,,16
332,BM_stan<LogSumExpFunc>/16,3768810,185.66,185.657,ns,,,,,,16
333,BM_stan<LogSumExpFunc>/16,3768810,183.379,183.364,ns,,,,,,16
334,BM_stan<LogSumExpFunc>/16,3768810,183.883,183.882,ns,,,,,,16
335,BM_stan<LogSumExpFunc>/16,3768810,184.099,184.079,ns,,,,,,16
336,BM_stan<LogSumExpFunc>/16_mean,30,184.998,184.839,ns,,,,,,16
337,BM_stan<LogSumExpFunc>/16_median,30,184.704,184.693,ns,,,,,,16
338,BM_stan<LogSumExpFunc>/16_stddev,30,2.03175,1.34859,ns,,,,,,0
339,BM_stan<LogSumExpFunc>/16_cv,30,0.0109826,0.007296,,,,,,,0
340,BM_stan<LogSumExpFunc>/1024,90531,7700.64,7700.52,ns,,,,,,1024
341,BM_stan<LogSumExpFunc>/1024,90531,7651.86,7651.81,ns,,,,,,1024
342,BM_stan<LogSumExpFunc>/1024,90531,7676.09,7675.92,ns,,,,,,1024
343,BM_stan<LogSumExpFunc>/1024,90531,7648.34,7648.03,ns,,,,,,1024
344,BM_stan<LogSumExpFunc>/1024,90531,7682.38,7680.58,ns,,,,,,1024
345,BM_stan<LogSumExpFunc>/1024,90531,7644.79,7644.55,ns,,,,,,1024
346,BM_stan<LogSumExpFunc>/1024,90531,7647.75,7647.42,ns,,,,,,1024
347,BM_stan<LogSumExpFunc>/1024,90531,7678.09,7677.27,ns,,,,,,1024
348,BM_stan<LogSumExpFunc>/1024,90531,7677.94,7677.09,ns,,,,,,1024
349,BM_stan<LogSumExpFunc>/1024,90531,7692.32,7691.95,ns,,,,,,1024
350,BM_stan<LogSumExpFunc>/1024,90531,7645.27,7645.24,ns,,,,,,1024
351,BM_stan<LogSumExpFunc>/1024,90531,7640.72,7640.64,ns,,,,,,1024
352,BM_stan<LogSumExpFunc>/1024,90531,7659.56,7659.16,ns,,,,,,1024
353,BM_stan<LogSumExpFunc>/1024,90531,7661.86,7661.43,ns,,,,,,1024
354,BM_stan<LogSumExpFunc>/1024,90531,7673.2,7672.78,ns,,,,,,1024
355,BM_stan<LogSumExpFunc>/1024,90531,7709.52,7708.2,ns,,,,,,1024
356,BM_stan<LogSumExpFunc>/1024,90531,7682.35,7681.93,ns,,,,,,1024
357,BM_stan<LogSumExpFunc>/1024,90531,7657.63,7657.33,ns,,,,,,1024
358,BM_stan<LogSumExpFunc>/1024,90531,7664.05,7663.66,ns,,,,,,1024
359,BM_stan<LogSumExpFunc>/1024,90531,7673.11,7672.97,ns,,,,,,1024
360,BM_stan<LogSumExpFunc>/1024,90531,7658.49,7658.13,ns,,,,,,1024
361,BM_stan<LogSumExpFunc>/1024,90531,7661.29,7660.91,ns,,,,,,1024
362,BM_stan<LogSumExpFunc>/1024,90531,7668.85,7668.65,ns,,,,,,1024
363,BM_stan<LogSumExpFunc>/1024,90531,7688.49,7685.67,ns,,,,,,1024
364,BM_stan<LogSumExpFunc>/1024,90531,7652.07,7651.67,ns,,,,,,1024
365,BM_stan<LogSumExpFunc>/1024,90531,7635.6,7634.57,ns,,,,,,1024
366,BM_stan<LogSumExpFunc>/1024,90531,7630.22,7629.2,ns,,,,,,1024
367,BM_stan<LogSumExpFunc>/1024,90531,7668.73,7668.21,ns,,,,,,1024
368,BM_stan<LogSumExpFunc>/1024,90531,7641.25,7641.11,ns,,,,,,1024
369,BM_stan<LogSumExpFunc>/1024,90531,7637.87,7637.48,ns,,,,,,1024
370,BM_stan<LogSumExpFunc>/1024_mean,30,7663.68,7663.14,ns,,,,,,1024
371,BM_stan<LogSumExpFunc>/1024_median,30,7661.57,7661.17,ns,,,,,,1024
372,BM_stan<LogSumExpFunc>/1024_stddev,30,19.9587,19.7647,ns,,,,,,0
373,BM_stan<LogSumExpFunc>/1024_cv,30,0.00260433,0.00257919,,,,,,,0
374,BM_stan_varmat<LogSumExpFunc>/8192,17790,39666.6,39662.6,ns,,,,,,8192
375,BM_stan_varmat<LogSumExpFunc>/8192,17790,39531.2,39523.7,ns,,,,,,8192
376,BM_stan_varmat<LogSumExpFunc>/8192,17790,39610.5,39610.2,ns,,,,,,8192
377,BM_stan_varmat<LogSumExpFunc>/8192,17790,39324.6,39322.1,ns,,,,,,8192
378,BM_stan_varmat<LogSumExpFunc>/8192,17790,39692.9,39686.1,ns,,,,,,8192
379,BM_stan_varmat<LogSumExpFunc>/8192,17790,39483.0,39481.5,ns,,,,,,8192
380,BM_stan_varmat<LogSumExpFunc>/8192,17790,39503.2,39503.1,ns,,,,,,8192
381,BM_stan_varmat<LogSumExpFunc>/8192,17790,39366.9,39366.6,ns,,,,,,8192
382,BM_stan_varmat<LogSumExpFunc>/8192,17790,39577.0,39570.0,ns,,,,,,8192
383,BM_stan_varmat<LogSumExpFunc>/8192,17790,39536.0,39530.5,ns,,,,,,8192
384,BM_stan_varmat<LogSumExpFunc>/8192,17790,39716.1,39715.0,ns,,,,,,8192
385,BM_stan_varmat<LogSumExpFunc>/8192,17790,41236.8,40984.5,ns,,,,,,8192
386,BM_stan_varmat<LogSumExpFunc>/8192,17790,39366.4,39365.4,ns,,,,,,8192
387,BM_stan_varmat<LogSumExpFunc>/8192,17790,39439.9,39439.8,ns,,,,,,8192
388,BM_stan_varmat<LogSumExpFunc>/8192,17790,39413.7,39410.9,ns,,,,,,8192
389,BM_stan_varmat<LogSumExpFunc>/8192,17790,39456.6,39454.9,ns,,,,,,8192
390,BM_stan_varmat<LogSumExpFunc>/8192,17790,39463.5,39462.3,ns,,,,,,8192
391,BM_stan_varmat<LogSumExpFunc>/8192,17790,39594.0,39593.1,ns,,,,,,8192
392,BM_stan_varmat<LogSumExpFunc>/8192,17790,39589.0,39585.0,ns,,,,,,8192
393,BM_stan_varmat<LogSumExpFunc>/8192,17790,39282.0,39282.0,ns,,,,,,8192
394,BM_stan_varmat<LogSumExpFunc>/8192,17790,39372.4,39372.1,ns,,,,,,8192
395,BM_stan_varmat<LogSumExpFunc>/8192,17790,39704.1,39695.5,ns,,,,,,8192
396,BM_stan_varmat<LogSumExpFunc>/8192,17790,39320.0,39317.9,ns,,,,,,8192
397,BM_stan_varmat<LogSumExpFunc>/8192,17790,39324.8,39323.5,ns,,,,,,8192
398,BM_stan_varmat<LogSumExpFunc>/8192,17790,39400.4,39391.8,ns,,,,,,8192
399,BM_stan_varmat<LogSumExpFunc>/8192,17790,39354.7,39349.0,ns,,,,,,8192
400,BM_stan_varmat<LogSumExpFunc>/8192,17790,39347.7,39346.2,ns,,,,,,8192
401,BM_stan_varmat<LogSumExpFunc>/8192,17790,39741.3,39737.4,ns,,,,,,8192
402,BM_stan_varmat<LogSumExpFunc>/8192,17790,39345.1,39344.6,ns,,,,,,8192
403,BM_stan_varmat<LogSumExpFunc>/8192,17790,39601.9,39594.7,ns,,,,,,8192
404,BM_stan_varmat<LogSumExpFunc>/8192_mean,30,39545.4,39534.1,ns,,,,,,8192
405,BM_stan_varmat<LogSumExpFunc>/8192_median,30,39473.2,39471.9,ns,,,,,,8192
406,BM_stan_varmat<LogSumExpFunc>/8192_stddev,30,347.382,305.557,ns,,,,,,0
407,BM_stan_varmat<LogSumExpFunc>/8192_cv,30,0.00878438,0.00772896,,,,,,,0
408,BM_stan<LogSumExpFunc>/1,9559577,66.9559,66.9519,ns,,,,,,1
409,BM_stan<LogSumExpFunc>/1,9559577,69.0439,69.0375,ns,,,,,,1
410,BM_stan<LogSumExpFunc>/1,9559577,69.7247,69.715,ns,,,,,,1
411,BM_stan<LogSumExpFunc>/1,9559577,67.2007,67.1993,ns,,,,,,1
412,BM_stan<LogSumExpFunc>/1,9559577,67.5992,67.5939,ns,,,,,,1
413,BM_stan<LogSumExpFunc>/1,9559577,70.5425,70.508,ns,,,,,,1
414,BM_stan<LogSumExpFunc>/1,9559577,70.4123,70.4117,ns,,,,,,1
415,BM_stan<LogSumExpFunc>/1,9559577,66.764,66.7562,ns,,,,,,1
416,BM_stan<LogSumExpFunc>/1,9559577,67.1995,67.196,ns,,,,,,1
417,BM_stan<LogSumExpFunc>/1,9559577,71.896,71.8961,ns,,,,,,1
418,BM_stan<LogSumExpFunc>/1,9559577,68.4414,68.441,ns,,,,,,1
419,BM_stan<LogSumExpFunc>/1,9559577,67.982,67.9809,ns,,,,,,1
420,BM_stan<LogSumExpFunc>/1,9559577,68.2599,68.254,ns,,,,,,1
421,BM_stan<LogSumExpFunc>/1,9559577,69.1512,69.1498,ns,,,,,,1
422,BM_stan<LogSumExpFunc>/1,9559577,67.2086,67.2009,ns,,,,,,1
423,BM_stan<LogSumExpFunc>/1,9559577,66.9314,66.9275,ns,,,,,,1
424,BM_stan<LogSumExpFunc>/1,9559577,72.0006,71.9984,ns,,,,,,1
425,BM_stan<LogSumExpFunc>/1,9559577,69.1811,69.1806,ns,,,,,,1
426,BM_stan<LogSumExpFunc>/1,9559577,66.967,66.9657,ns,,,,,,1
427,BM_stan<LogSumExpFunc>/1,9559577,66.5358,66.5334,ns,,,,,,1
428,BM_stan<LogSumExpFunc>/1,9559577,69.0925,69.0833,ns,,,,,,1
429,BM_stan<LogSumExpFunc>/1,9559577,67.3688,67.3565,ns,,,,,,1
430,BM_stan<LogSumExpFunc>/1,9559577,69.2436,69.2413,ns,,,,,,1
431,BM_stan<LogSumExpFunc>/1,9559577,68.1713,68.1702,ns,,,,,,1
432,BM_stan<LogSumExpFunc>/1,9559577,69.2437,69.236,ns,,,,,,1
433,BM_stan<LogSumExpFunc>/1,9559577,67.2736,67.2661,ns,,,,,,1
434,BM_stan<LogSumExpFunc>/1,9559577,66.4662,66.4619,ns,,,,,,1
435,BM_stan<LogSumExpFunc>/1,9559577,72.8488,72.8473,ns,,,,,,1
436,BM_stan<LogSumExpFunc>/1,9559577,66.8006,66.7999,ns,,,,,,1
437,BM_stan<LogSumExpFunc>/1,9559577,67.1476,67.1379,ns,,,,,,1
438,BM_stan<LogSumExpFunc>/1_mean,30,68.4551,68.4499,ns,,,,,,1
439,BM_stan<LogSumExpFunc>/1_median,30,68.0766,68.0756,ns,,,,,,1
440,BM_stan<LogSumExpFunc>/1_stddev,30,1.72814,1.72775,ns,,,,,,0
441,BM_stan<LogSumExpFunc>/1_cv,30,0.0252449,0.0252411,,,,,,,0
442,BM_stan<LogSumExpFunc>/512,181337,3867.55,3867.46,ns,,,,,,512
443,BM_stan<LogSumExpFunc>/512,181337,3881.01,3880.9,ns,,,,,,512
444,BM_stan<LogSumExpFunc>/512,181337,3888.22,3887.0,ns,,,,,,512
445,BM_stan<LogSumExpFunc>/512,181337,3867.06,3866.77,ns,,,,,,512
446,BM_stan<LogSumExpFunc>/512,181337,3846.68,3846.52,ns,,,,,,512
447,BM_stan<LogSumExpFunc>/512,181337,3860.84,3860.56,ns,,,,,,512
448,BM_stan<LogSumExpFunc>/512,181337,3853.28,3853.08,ns,,,,,,512
449,BM_stan<LogSumExpFunc>/512,181337,3859.54,3859.54,ns,,,,,,512
450,BM_stan<LogSumExpFunc>/512,181337,3845.25,3845.22,ns,,,,,,512
451,BM_stan<LogSumExpFunc>/512,181337,3873.13,3873.13,ns,,,,,,512
452,BM_stan<LogSumExpFunc>/512,181337,3888.84,3888.64,ns,,,,,,512
453,BM_stan<LogSumExpFunc>/512,181337,3859.84,3859.64,ns,,,,,,512
454,BM_stan<LogSumExpFunc>/512,181337,3849.05,3848.86,ns,,,,,,512
455,BM_stan<LogSumExpFunc>/512,181337,3896.35,3896.25,ns,,,,,,512
456,BM_stan<LogSumExpFunc>/512,181337,3887.56,3887.45,ns,,,,,,512
457,BM_stan<LogSumExpFunc>/512,181337,3884.54,3884.41,ns,,,,,,512
458,BM_stan<LogSumExpFunc>/512,181337,3840.95,3840.8,ns,,,,,,512
459,BM_stan<LogSumExpFunc>/512,181337,3862.63,3862.48,ns,,,,,,512
460,BM_stan<LogSumExpFunc>/512,181337,3839.64,3839.47,ns,,,,,,512
461,BM_stan<LogSumExpFunc>/512,181337,3838.54,3838.22,ns,,,,,,512
462,BM_stan<LogSumExpFunc>/512,181337,3849.81,3848.98,ns,,,,,,512
463,BM_stan<LogSumExpFunc>/512,181337,3868.91,3867.46,ns,,,,,,512
464,BM_stan<LogSumExpFunc>/512,181337,3864.92,3864.42,ns,,,,,,512
465,BM_stan<LogSumExpFunc>/512,181337,3845.4,3845.14,ns,,,,,,512
466,BM_stan<LogSumExpFunc>/512,181337,3856.5,3856.3,ns,,,,,,512
467,BM_stan<LogSumExpFunc>/512,181337,3876.5,3876.1,ns,,,,,,512
468,BM_stan<LogSumExpFunc>/512,181337,3855.98,3855.66,ns,,,,,,512
469,BM_stan<LogSumExpFunc>/512,181337,3841.6,3841.06,ns,,,,,,512
470,BM_stan<LogSumExpFunc>/512,181337,3836.35,3835.7,ns,,,,,,512
471,BM_stan<LogSumExpFunc>/512,181337,3841.23,3840.79,ns,,,,,,512
472,BM_stan<LogSumExpFunc>/512_mean,30,3860.92,3860.6,ns,,,,,,512
473,BM_stan<LogSumExpFunc>/512_median,30,3859.69,3859.59,ns,,,,,,512
474,BM_stan<LogSumExpFunc>/512_stddev,30,17.4031,17.403,ns,,,,,,0
475,BM_stan<LogSumExpFunc>/512_cv,30,0.00450749,0.00450784,,,,,,,0
476,BM_stan_varmat<LogSumExpFunc>/32768,4530,154731.0,154718.0,ns,,,,,,32768
477,BM_stan_varmat<LogSumExpFunc>/32768,4530,155432.0,155409.0,ns,,,,,,32768
478,BM_stan_varmat<LogSumExpFunc>/32768,4530,155942.0,155931.0,ns,,,,,,32768
479,BM_stan_varmat<LogSumExpFunc>/32768,4530,155722.0,155700.0,ns,,,,,,32768
480,BM_stan_varmat<LogSumExpFunc>/32768,4530,154678.0,154669.0,ns,,,,,,32768
481,BM_stan_varmat<LogSumExpFunc>/32768,4530,154862.0,154857.0,ns,,,,,,32768
482,BM_stan_varmat<LogSumExpFunc>/32768,4530,154831.0,154826.0,ns,,,,,,32768
483,BM_stan_varmat<LogSumExpFunc>/32768,4530,155499.0,155493.0,ns,,,,,,32768
484,BM_stan_varmat<LogSumExpFunc>/32768,4530,155366.0,155343.0,ns,,,,,,32768
485,BM_stan_varmat<LogSumExpFunc>/32768,4530,155901.0,155893.0,ns,,,,,,32768
486,BM_stan_varmat<LogSumExpFunc>/32768,4530,154571.0,154572.0,ns,,,,,,32768
487,BM_stan_varmat<LogSumExpFunc>/32768,4530,155703.0,155699.0,ns,,,,,,32768
488,BM_stan_varmat<LogSumExpFunc>/32768,4530,154666.0,154660.0,ns,,,,,,32768
489,BM_stan_varmat<LogSumExpFunc>/32768,4530,154657.0,154651.0,ns,,,,,,32768
490,BM_stan_varmat<LogSumExpFunc>/32768,4530,154542.0,154541.0,ns,,,,,,32768
491,BM_stan_varmat<LogSumExpFunc>/32768,4530,154759.0,154749.0,ns,,,,,,32768
492,BM_stan_varmat<LogSumExpFunc>/32768,4530,156253.0,156221.0,ns,,,,,,32768
493,BM_stan_varmat<LogSumExpFunc>/32768,4530,155961.0,155944.0,ns,,,,,,32768
494,BM_stan_varmat<LogSumExpFunc>/32768,4530,155712.0,155705.0,ns,,,,,,32768
495,BM_stan_varmat<LogSumExpFunc>/32768,4530,154803.0,154796.0,ns,,,,,,32768
496,BM_stan_varmat<LogSumExpFunc>/32768,4530,154483.0,154478.0,ns,,,,,,32768
497,BM_stan_varmat<LogSumExpFunc>/32768,4530,154678.0,154673.0,ns,,,,,,32768
498,BM_stan_varmat<LogSumExpFunc>/32768,4530,154462.0,154450.0,ns,,,,,,32768
499,BM_stan_varmat<LogSumExpFunc>/32768,4530,154636.0,154614.0,ns,,,,,,32768
500,BM_stan_varmat<LogSumExpFunc>/32768,4530,154580.0,154577.0,ns,,,,,,32768
501,BM_stan_varmat<LogSumExpFunc>/32768,4530,154509.0,154504.0,ns,,,,,,32768
502,BM_stan_varmat<LogSumExpFunc>/32768,4530,154565.0,154558.0,ns,,,,,,32768
503,BM_stan_varmat<LogSumExpFunc>/32768,4530,155337.0,155318.0,ns,,,,,,32768
504,BM_stan_varmat<LogSumExpFunc>/32768,4530,155769.0,155747.0,ns,,,,,,32768
505,BM_stan_varmat<LogSumExpFunc>/32768,4530,154991.0,154979.0,ns,,,,,,32768
506,BM_stan_varmat<LogSumExpFunc>/32768_mean,30,155087.0,155076.0,ns,,,,,,32768
507,BM_stan_varmat<LogSumExpFunc>/32768_median,30,154817.0,154811.0,ns,,,,,,32768
508,BM_stan_varmat<LogSumExpFunc>/32768_stddev,30,560.428,555.934,ns,,,,,,0
509,BM_stan_varmat<LogSumExpFunc>/32768_cv,30,0.00361364,0.00358492,,,,,,,0
510,BM_stan<LogSumExpFunc>/32768,2709,259366.0,259270.0,ns,,,,,,32768
511,BM_stan<LogSumExpFunc>/32768,2709,258480.0,258432.0,ns,,,,,,32768
512,BM_stan<LogSumExpFunc>/32768,2709,256784.0,256752.0,ns,,,,,,32768
513,BM_stan<LogSumExpFunc>/32768,2709,258476.0,258434.0,ns,,,,,,32768
514,BM_stan<LogSumExpFunc>/32768,2709,256875.0,256845.0,ns,,,,,,32768
515,BM_stan<LogSumExpFunc>/32768,2709,258643.0,258583.0,ns,,,,,,32768
516,BM_stan<LogSumExpFunc>/32768,2709,257716.0,257705.0,ns,,,,,,32768
517,BM_stan<LogSumExpFunc>/32768,2709,255820.0,255807.0,ns,,,,,,32768
518,BM_stan<LogSumExpFunc>/32768,2709,256026.0,256023.0,ns,,,,,,32768
519,BM_stan<LogSumExpFunc>/32768,2709,256888.0,256877.0,ns,,,,,,32768
520,BM_stan<LogSumExpFunc>/32768,2709,258060.0,258039.0,ns,,,,,,32768
521,BM_stan<LogSumExpFunc>/32768,2709,256189.0,256175.0,ns,,,,,,32768
522,BM_stan<LogSumExpFunc>/32768,2709,257584.0,257571.0,ns,,,,,,32768
523,BM_stan<LogSumExpFunc>/32768,2709,257863.0,257802.0,ns,,,,,,32768
524,BM_stan<LogSumExpFunc>/32768,2709,256695.0,256695.0,ns,,,,,,32768
525,BM_stan<LogSumExpFunc>/32768,2709,259251.0,259186.0,ns,,,,,,32768
526,BM_stan<LogSumExpFunc>/32768,2709,256397.0,256393.0,ns,,,,,,32768
527,BM_stan<LogSumExpFunc>/32768,2709,255772.0,255769.0,ns,,,,,,32768
528,BM_stan<LogSumExpFunc>/32768,2709,256927.0,256913.0,ns,,,,,,32768
529,BM_stan<LogSumExpFunc>/32768,2709,256675.0,256668.0,ns,,,,,,32768
530,BM_stan<LogSumExpFunc>/32768,2709,256170.0,256161.0,ns,,,,,,32768
531,BM_stan<LogSumExpFunc>/32768,2709,255993.0,255968.0,ns,,,,,,32768
532,BM_stan<LogSumExpFunc>/32768,2709,256894.0,256825.0,ns,,,,,,32768
533,BM_stan<LogSumExpFunc>/32768,2709,255706.0,255700.0,ns,,,,,,32768
534,BM_stan<LogSumExpFunc>/32768,2709,257804.0,257799.0,ns,,,,,,32768
535,BM_stan<LogSumExpFunc>/32768,2709,257459.0,257449.0,ns,,,,,,32768
536,BM_stan<LogSumExpFunc>/32768,2709,256824.0,256816.0,ns,,,,,,32768
537,BM_stan<LogSumExpFunc>/32768,2709,256498.0,256485.0,ns,,,,,,32768
538,BM_stan<LogSumExpFunc>/32768,2709,256031.0,256020.0,ns,,,,,,32768
539,BM_stan<LogSumExpFunc>/32768,2709,256100.0,256085.0,ns,,,,,,32768
540,BM_stan<LogSumExpFunc>/32768_mean,30,257066.0,257042.0,ns,,,,,,32768
541,BM_stan<LogSumExpFunc>/32768_median,30,256850.0,256821.0,ns,,,,,,32768
542,BM_stan<LogSumExpFunc>/32768_stddev,30,1046.51,1029.27,ns,,,,,,0
543,BM_stan<LogSumExpFunc>/32768_cv,30,0.00407098,0.00400428,,,,,,,0
544,BM_stan_varmat<LogSumExpFunc>/32,3140422,223.156,223.092,ns,,,,,,32
545,BM_stan_varmat<LogSumExpFunc>/32,3140422,220.352,220.332,ns,,,,,,32
546,BM_stan_varmat<LogSumExpFunc>/32,3140422,223.033,223.022,ns,,,,,,32
547,BM_stan_varmat<LogSumExpFunc>/32,3140422,222.621,222.605,ns,,,,,,32
548,BM_stan_varmat<LogSumExpFunc>/32,3140422,221.625,221.612,ns,,,,,,32
549,BM_stan_varmat<LogSumExpFunc>/32,3140422,222.728,222.711,ns,,,,,,32
550,BM_stan_varmat<LogSumExpFunc>/32,3140422,220.951,220.942,ns,,,,,,32
551,BM_stan_varmat<LogSumExpFunc>/32,3140422,220.349,220.335,ns,,,,,,32
552,BM_stan_varmat<LogSumExpFunc>/32,3140422,221.689,221.666,ns,,,,,,32
553,BM_stan_varmat<LogSumExpFunc>/32,3140422,221.05,221.045,ns,,,,,,32
554,BM_stan_varmat<LogSumExpFunc>/32,3140422,221.787,221.749,ns,,,,,,32
555,BM_stan_varmat<LogSumExpFunc>/32,3140422,221.433,221.413,ns,,,,,,32
556,BM_stan_varmat<LogSumExpFunc>/32,3140422,243.76,242.979,ns,,,,,,32
557,BM_stan_varmat<LogSumExpFunc>/32,3140422,221.252,221.252,ns,,,,,,32
558,BM_stan_varmat<LogSumExpFunc>/32,3140422,221.127,221.109,ns,,,,,,32
559,BM_stan_varmat<LogSumExpFunc>/32,3140422,222.035,222.034,ns,,,,,,32
560,BM_stan_varmat<LogSumExpFunc>/32,3140422,221.978,221.97,ns,,,,,,32
561,BM_stan_varmat<LogSumExpFunc>/32,3140422,222.569,222.56,ns,,,,,,32
562,BM_stan_varmat<LogSumExpFunc>/32,3140422,220.99,220.977,ns,,,,,,32
563,BM_stan_varmat<LogSumExpFunc>/32,3140422,220.298,220.292,ns,,,,,,32
564,BM_stan_varmat<LogSumExpFunc>/32,3140422,221.464,221.422,ns,,,,,,32
565,BM_stan_varmat<LogSumExpFunc>/32,3140422,220.646,220.643,ns,,,,,,32
566,BM_stan_varmat<LogSumExpFunc>/32,3140422,220.278,220.248,ns,,,,,,32
567,BM_stan_varmat<LogSumExpFunc>/32,3140422,220.224,220.212,ns,,,,,,32
568,BM_stan_varmat<LogSumExpFunc>/32,3140422,220.485,220.482,ns,,,,,,32
569,BM_stan_varmat<LogSumExpFunc>/32,3140422,220.318,220.295,ns,,,,,,32
570,BM_stan_varmat<LogSumExpFunc>/32,3140422,220.751,220.733,ns,,,,,,32
571,BM_stan_varmat<LogSumExpFunc>/32,3140422,222.571,222.493,ns,,,,,,32
572,BM_stan_varmat<LogSumExpFunc>/32,3140422,220.177,220.165,ns,,,,,,32
573,BM_stan_varmat<LogSumExpFunc>/32,3140422,220.566,220.54,ns,,,,,,32
574,BM_stan_varmat<LogSumExpFunc>/32_mean,30,222.075,222.031,ns,,,,,,32
575,BM_stan_varmat<LogSumExpFunc>/32_median,30,221.19,221.181,ns,,,,,,32
576,BM_stan_varmat<LogSumExpFunc>/32_stddev,30,4.19715,4.06029,ns,,,,,,0
577,BM_stan_varmat<LogSumExpFunc>/32_cv,30,0.0188997,0.018287,,,,,,,0
578,BM_stan_varmat<LogSumExpFunc>/1024,140078,4979.01,4978.55,ns,,,,,,1024
579,BM_stan_varmat<LogSumExpFunc>/1024,140078,4957.34,4956.84,ns,,,,,,1024
580,BM_stan_varmat<LogSumExpFunc>/1024,140078,4941.94,4941.63,ns,,,,,,1024
581,BM_stan_varmat<LogSumExpFunc>/1024,140078,4955.39,4954.85,ns,,,,,,1024
582,BM_stan_varmat<LogSumExpFunc>/1024,140078,4947.02,4946.84,ns,,,,,,1024
583,BM_stan_varmat<LogSumExpFunc>/1024,140078,4979.19,4978.77,ns,,,,,,1024
584,BM_stan_varmat<LogSumExpFunc>/1024,140078,4989.47,4988.93,ns,,,,,,1024
585,BM_stan_varmat<LogSumExpFunc>/1024,140078,4954.23,4953.82,ns,,,,,,1024
586,BM_stan_varmat<LogSumExpFunc>/1024,140078,5004.61,5002.5,ns,,,,,,1024
587,BM_stan_varmat<LogSumExpFunc>/1024,140078,4942.62,4942.49,ns,,,,,,1024
588,BM_stan_varmat<LogSumExpFunc>/1024,140078,4941.75,4941.75,ns,,,,,,1024
589,BM_stan_varmat<LogSumExpFunc>/1024,140078,4953.77,4953.76,ns,,,,,,1024
590,BM_stan_varmat<LogSumExpFunc>/1024,140078,4976.34,4975.93,ns,,,,,,1024
591,BM_stan_varmat<LogSumExpFunc>/1024,140078,4957.12,4956.72,ns,,,,,,1024
592,BM_stan_varmat<LogSumExpFunc>/1024,140078,4981.57,4981.47,ns,,,,,,1024
593,BM_stan_varmat<LogSumExpFunc>/1024,140078,4950.29,4950.13,ns,,,,,,1024
594,BM_stan_varmat<LogSumExpFunc>/1024,140078,4940.93,4940.73,ns,,,,,,1024
595,BM_stan_varmat<LogSumExpFunc>/1024,140078,4982.51,4981.36,ns,,,,,,1024
596,BM_stan_varmat<LogSumExpFunc>/1024,140078,4944.71,4944.53,ns,,,,,,1024
597,BM_stan_varmat<LogSumExpFunc>/1024,140078,4950.78,4950.51,ns,,,,,,1024
598,BM_stan_varmat<LogSumExpFunc>/1024,140078,4966.17,4966.07,ns,,,,,,1024
599,BM_stan_varmat<LogSumExpFunc>/1024,140078,4940.38,4939.94,ns,,,,,,1024
600,BM_stan_varmat<LogSumExpFunc>/1024,140078,4955.34,4954.49,ns,,,,,,1024
601,BM_stan_varmat<LogSumExpFunc>/1024,140078,4935.66,4935.06,ns,,,,,,1024
602,BM_stan_varmat<LogSumExpFunc>/1024,140078,4939.92,4939.92,ns,,,,,,1024
603,BM_stan_varmat<LogSumExpFunc>/1024,140078,4951.22,4950.46,ns,,,,,,1024
604,BM_stan_varmat<LogSumExpFunc>/1024,140078,4948.38,4947.99,ns,,,,,,1024
605,BM_stan_varmat<LogSumExpFunc>/1024,140078,4952.89,4952.52,ns,,,,,,1024
606,BM_stan_varmat<LogSumExpFunc>/1024,140078,4973.63,4973.57,ns,,,,,,1024
607,BM_stan_varmat<LogSumExpFunc>/1024,140078,4954.49,4954.28,ns,,,,,,1024
608,BM_stan_varmat<LogSumExpFunc>/1024_mean,30,4958.29,4957.88,ns,,,,,,1024
609,BM_stan_varmat<LogSumExpFunc>/1024_median,30,4954.0,4953.79,ns,,,,,,1024
610,BM_stan_varmat<LogSumExpFunc>/1024_stddev,30,17.2948,17.0718,ns,,,,,,0
611,BM_stan_varmat<LogSumExpFunc>/1024_cv,30,0.00348807,0.00344337,,,,,,,0
612,BM_stan<LogSumExpFunc>/16384,5448,128400.0,128385.0,ns,,,,,,16384
613,BM_stan<LogSumExpFunc>/16384,5448,129575.0,129566.0,ns,,,,,,16384
614,BM_stan<LogSumExpFunc>/16384,5448,128407.0,128403.0,ns,,,,,,16384
615,BM_stan<LogSumExpFunc>/16384,5448,129411.0,129406.0,ns,,,,,,16384
616,BM_stan<LogSumExpFunc>/16384,5448,128404.0,128384.0,ns,,,,,,16384
617,BM_stan<LogSumExpFunc>/16384,5448,128245.0,128244.0,ns,,,,,,16384
618,BM_stan<LogSumExpFunc>/16384,5448,128972.0,128972.0,ns,,,,,,16384
619,BM_stan<LogSumExpFunc>/16384,5448,129104.0,129089.0,ns,,,,,,16384
620,BM_stan<LogSumExpFunc>/16384,5448,128618.0,128618.0,ns,,,,,,16384
621,BM_stan<LogSumExpFunc>/16384,5448,128926.0,128911.0,ns,,,,,,16384
622,BM_stan<LogSumExpFunc>/16384,5448,130067.0,130040.0,ns,,,,,,16384
623,BM_stan<LogSumExpFunc>/16384,5448,128367.0,128353.0,ns,,,,,,16384
624,BM_stan<LogSumExpFunc>/16384,5448,128649.0,128633.0,ns,,,,,,16384
625,BM_stan<LogSumExpFunc>/16384,5448,128397.0,128397.0,ns,,,,,,16384
626,BM_stan<LogSumExpFunc>/16384,5448,129391.0,129384.0,ns,,,,,,16384
627,BM_stan<LogSumExpFunc>/16384,5448,128241.0,128241.0,ns,,,,,,16384
628,BM_stan<LogSumExpFunc>/16384,5448,128189.0,128179.0,ns,,,,,,16384
629,BM_stan<LogSumExpFunc>/16384,5448,128948.0,128938.0,ns,,,,,,16384
630,BM_stan<LogSumExpFunc>/16384,5448,129408.0,129384.0,ns,,,,,,16384
631,BM_stan<LogSumExpFunc>/16384,5448,128264.0,128264.0,ns,,,,,,16384
632,BM_stan<LogSumExpFunc>/16384,5448,128263.0,128258.0,ns,,,,,,16384
633,BM_stan<LogSumExpFunc>/16384,5448,128858.0,128858.0,ns,,,,,,16384
634,BM_stan<LogSumExpFunc>/16384,5448,128447.0,128439.0,ns,,,,,,16384
635,BM_stan<LogSumExpFunc>/16384,5448,128241.0,128240.0,ns,,,,,,16384
636,BM_stan<LogSumExpFunc>/16384,5448,128197.0,128192.0,ns,,,,,,16384
637,BM_stan<LogSumExpFunc>/16384,5448,129138.0,129133.0,ns,,,,,,16384
638,BM_stan<LogSumExpFunc>/16384,5448,128848.0,128830.0,ns,,,,,,16384
639,BM_stan<LogSumExpFunc>/16384,5448,128349.0,128347.0,ns,,,,,,16384
640,BM_stan<LogSumExpFunc>/16384,5448,128314.0,128305.0,ns,,,,,,16384
641,BM_stan<LogSumExpFunc>/16384,5448,129021.0,128987.0,ns,,,,,,16384
642,BM_stan<LogSumExpFunc>/16384_mean,30,128722.0,128713.0,ns,,,,,,16384
643,BM_stan<LogSumExpFunc>/16384_median,30,128533.0,128528.0,ns,,,,,,16384
644,BM_stan<LogSumExpFunc>/16384_stddev,30,495.795,491.977,ns,,,,,,0
645,BM_stan<LogSumExpFunc>/16384_cv,30,0.00385167,0.00382229,,,,,,,0
646,BM_stan_varmat<LogSumExpFunc>/1,11280679,62.0357,62.0343,ns,,,,,,1
647,BM_stan_varmat<LogSumExpFunc>/1,11280679,61.3883,61.3858,ns,,,,,,1
648,BM_stan_varmat<LogSumExpFunc>/1,11280679,61.005,61.0024,ns,,,,,,1
649,BM_stan_varmat<LogSumExpFunc>/1,11280679,61.2021,61.1929,ns,,,,,,1
650,BM_stan_varmat<LogSumExpFunc>/1,11280679,61.0922,61.091,ns,,,,,,1
651,BM_stan_varmat<LogSumExpFunc>/1,11280679,61.4063,61.4056,ns,,,,,,1
652,BM_stan_varmat<LogSumExpFunc>/1,11280679,60.9683,60.9566,ns,,,,,,1
653,BM_stan_varmat<LogSumExpFunc>/1,11280679,61.4265,61.4265,ns,,,,,,1
654,BM_stan_varmat<LogSumExpFunc>/1,11280679,61.4553,61.4426,ns,,,,,,1
655,BM_stan_varmat<LogSumExpFunc>/1,11280679,61.6223,61.6199,ns,,,,,,1
656,BM_stan_varmat<LogSumExpFunc>/1,11280679,63.1843,63.1807,ns,,,,,,1
657,BM_stan_varmat<LogSumExpFunc>/1,11280679,60.9079,60.9073,ns,,,,,,1
658,BM_stan_varmat<LogSumExpFunc>/1,11280679,61.4175,61.4142,ns,,,,,,1
659,BM_stan_varmat<LogSumExpFunc>/1,11280679,61.6595,61.6577,ns,,,,,,1
660,BM_stan_varmat<LogSumExpFunc>/1,11280679,60.7956,60.7955,ns,,,,,,1
661,BM_stan_varmat<LogSumExpFunc>/1,11280679,61.3263,61.326,ns,,,,,,1
662,BM_stan_varmat<LogSumExpFunc>/1,11280679,61.4371,61.4368,ns,,,,,,1
663,BM_stan_varmat<LogSumExpFunc>/1,11280679,61.9074,61.9058,ns,,,,,,1
664,BM_stan_varmat<LogSumExpFunc>/1,11280679,61.4318,61.4172,ns,,,,,,1
665,BM_stan_varmat<LogSumExpFunc>/1,11280679,61.4022,61.394,ns,,,,,,1
666,BM_stan_varmat<LogSumExpFunc>/1,11280679,61.226,61.2161,ns,,,,,,1
667,BM_stan_varmat<LogSumExpFunc>/1,11280679,61.2936,61.2921,ns,,,,,,1
668,BM_stan_varmat<LogSumExpFunc>/1,11280679,60.9473,60.9456,ns,,,,,,1
669,BM_stan_varmat<LogSumExpFunc>/1,11280679,61.8151,61.7942,ns,,,,,,1
670,BM_stan_varmat<LogSumExpFunc>/1,11280679,61.5021,61.4981,ns,,,,,,1
671,BM_stan_varmat<LogSumExpFunc>/1,11280679,61.2449,61.245,ns,,,,,,1
672,BM_stan_varmat<LogSumExpFunc>/1,11280679,61.3304,61.33,ns,,,,,,1
673,BM_stan_varmat<LogSumExpFunc>/1,11280679,61.7494,61.7122,ns,,,,,,1
674,BM_stan_varmat<LogSumExpFunc>/1,11280679,61.5704,61.5567,ns,,,,,,1
675,BM_stan_varmat<LogSumExpFunc>/1,11280679,61.2879,61.2845,ns,,,,,,1
676,BM_stan_varmat<LogSumExpFunc>/1_mean,30,61.4346,61.4289,ns,,,,,,1
677,BM_stan_varmat<LogSumExpFunc>/1_median,30,61.4042,61.3998,ns,,,,,,1
678,BM_stan_varmat<LogSumExpFunc>/1_stddev,30,0.441146,0.439868,ns,,,,,,0
679,BM_stan_varmat<LogSumExpFunc>/1_cv,30,0.00718075,0.0071606,,,,,,,0
680,BM_stan_varmat<LogSumExpFunc>/256,536123,1307.91,1307.89,ns,,,,,,256
681,BM_stan_varmat<LogSumExpFunc>/256,536123,1304.43,1304.33,ns,,,,,,256
682,BM_stan_varmat<LogSumExpFunc>/256,536123,1306.66,1306.65,ns,,,,,,256
683,BM_stan_varmat<LogSumExpFunc>/256,536123,1303.61,1303.58,ns,,,,,,256
684,BM_stan_varmat<LogSumExpFunc>/256,536123,1296.92,1296.42,ns,,,,,,256
685,BM_stan_varmat<LogSumExpFunc>/256,536123,1291.65,1291.57,ns,,,,,,256
686,BM_stan_varmat<LogSumExpFunc>/256,536123,1293.33,1293.18,ns,,,,,,256
687,BM_stan_varmat<LogSumExpFunc>/256,536123,1299.23,1299.2,ns,,,,,,256
688,BM_stan_varmat<LogSumExpFunc>/256,536123,1296.45,1296.38,ns,,,,,,256
689,BM_stan_varmat<LogSumExpFunc>/256,536123,1299.18,1299.07,ns,,,,,,256
690,BM_stan_varmat<LogSumExpFunc>/256,536123,1299.63,1299.59,ns,,,,,,256
691,BM_stan_varmat<LogSumExpFunc>/256,536123,1297.5,1297.39,ns,,,,,,256
692,BM_stan_varmat<LogSumExpFunc>/256,536123,1297.39,1297.38,ns,,,,,,256
693,BM_stan_varmat<LogSumExpFunc>/256,536123,1291.51,1291.44,ns,,,,,,256
694,BM_stan_varmat<LogSumExpFunc>/256,536123,1297.57,1297.51,ns,,,,,,256
695,BM_stan_varmat<LogSumExpFunc>/256,536123,1290.78,1290.71,ns,,,,,,256
696,BM_stan_varmat<LogSumExpFunc>/256,536123,1289.8,1289.81,ns,,,,,,256
697,BM_stan_varmat<LogSumExpFunc>/256,536123,1291.28,1291.29,ns,,,,,,256
698,BM_stan_varmat<LogSumExpFunc>/256,536123,1291.14,1291.1,ns,,,,,,256
699,BM_stan_varmat<LogSumExpFunc>/256,536123,1294.4,1294.39,ns,,,,,,256
700,BM_stan_varmat<LogSumExpFunc>/256,536123,1292.26,1292.24,ns,,,,,,256
701,BM_stan_varmat<LogSumExpFunc>/256,536123,1301.87,1301.62,ns,,,,,,256
702,BM_stan_varmat<LogSumExpFunc>/256,536123,1290.71,1290.67,ns,,,,,,256
703,BM_stan_varmat<LogSumExpFunc>/256,536123,1294.82,1294.66,ns,,,,,,256
704,BM_stan_varmat<LogSumExpFunc>/256,536123,1291.82,1291.7,ns,,,,,,256
705,BM_stan_varmat<LogSumExpFunc>/256,536123,1292.9,1292.8,ns,,,,,,256
706,BM_stan_varmat<LogSumExpFunc>/256,536123,1290.62,1290.5,ns,,,,,,256
707,BM_stan_varmat<LogSumExpFunc>/256,536123,1291.84,1291.81,ns,,,,,,256
708,BM_stan_varmat<LogSumExpFunc>/256,536123,1294.63,1294.63,ns,,,,,,256
709,BM_stan_varmat<LogSumExpFunc>/256,536123,1292.94,1292.88,ns,,,,,,256
710,BM_stan_varmat<LogSumExpFunc>/256_mean,30,1295.83,1295.75,ns,,,,,,256
711,BM_stan_varmat<LogSumExpFunc>/256_median,30,1294.52,1294.51,ns,,,,,,256
712,BM_stan_varmat<LogSumExpFunc>/256_stddev,30,5.07728,5.07217,ns,,,,,,0
713,BM_stan_varmat<LogSumExpFunc>/256_cv,30,0.00391818,0.00391448,,,,,,,0
714,BM_stan_varmat<LogSumExpFunc>/128,1037314,676.617,676.538,ns,,,,,,128
715,BM_stan_varmat<LogSumExpFunc>/128,1037314,674.004,673.904,ns,,,,,,128
716,BM_stan_varmat<LogSumExpFunc>/128,1037314,670.374,670.366,ns,,,,,,128
717,BM_stan_varmat<LogSumExpFunc>/128,1037314,677.972,677.942,ns,,,,,,128
718,BM_stan_varmat<LogSumExpFunc>/128,1037314,672.082,672.017,ns,,,,,,128
719,BM_stan_varmat<LogSumExpFunc>/128,1037314,676.081,676.036,ns,,,,,,128
720,BM_stan_varmat<LogSumExpFunc>/128,1037314,669.106,669.084,ns,,,,,,128
721,BM_stan_varmat<LogSumExpFunc>/128,1037314,668.972,668.97,ns,,,,,,128
722,BM_stan_varmat<LogSumExpFunc>/128,1037314,669.634,669.634,ns,,,,,,128
723,BM_stan_varmat<LogSumExpFunc>/128,1037314,671.379,671.373,ns,,,,,,128
724,BM_stan_varmat<LogSumExpFunc>/128,1037314,673.788,673.59,ns,,,,,,128
725,BM_stan_varmat<LogSumExpFunc>/128,1037314,670.306,670.268,ns,,,,,,128
726,BM_stan_varmat<LogSumExpFunc>/128,1037314,669.632,669.512,ns,,,,,,128
727,BM_stan_varmat<LogSumExpFunc>/128,1037314,670.522,670.495,ns,,,,,,128
728,BM_stan_varmat<LogSumExpFunc>/128,1037314,671.579,671.527,ns,,,,,,128
729,BM_stan_varmat<LogSumExpFunc>/128,1037314,671.87,671.849,ns,,,,,,128
730,BM_stan_varmat<LogSumExpFunc>/128,1037314,671.009,670.987,ns,,,,,,128
731,BM_stan_varmat<LogSumExpFunc>/128,1037314,671.279,671.164,ns,,,,,,128
732,BM_stan_varmat<LogSumExpFunc>/128,1037314,669.149,669.148,ns,,,,,,128
733,BM_stan_varmat<LogSumExpFunc>/128,1037314,672.324,672.305,ns,,,,,,128
734,BM_stan_varmat<LogSumExpFunc>/128,1037314,674.329,674.298,ns,,,,,,128
735,BM_stan_varmat<LogSumExpFunc>/128,1037314,672.799,672.772,ns,,,,,,128
736,BM_stan_varmat<LogSumExpFunc>/128,1037314,668.839,668.777,ns,,,,,,128
737,BM_stan_varmat<LogSumExpFunc>/128,1037314,668.651,668.621,ns,,,,,,128
738,BM_stan_varmat<LogSumExpFunc>/128,1037314,669.973,669.916,ns,,,,,,128
739,BM_stan_varmat<LogSumExpFunc>/128,1037314,669.025,668.988,ns,,,,,,128
740,BM_stan_varmat<LogSumExpFunc>/128,1037314,671.062,671.014,ns,,,,,,128
741,BM_stan_varmat<LogSumExpFunc>/128,1037314,670.559,670.547,ns,,,,,,128
742,BM_stan_varmat<LogSumExpFunc>/128,1037314,669.603,669.564,ns,,,,,,128
743,BM_stan_varmat<LogSumExpFunc>/128,1037314,669.597,669.576,ns,,,,,,128
744,BM_stan_varmat<LogSumExpFunc>/128_mean,30,671.404,671.359,ns,,,,,,128
745,BM_stan_varmat<LogSumExpFunc>/128_median,30,670.784,670.767,ns,,,,,,128
746,BM_stan_varmat<LogSumExpFunc>/128_stddev,30,2.433,2.42131,ns,,,,,,0
747,BM_stan_varmat<LogSumExpFunc>/128_cv,30,0.00362375,0.00360658,,,,,,,0
748,BM_stan_varmat<LogSumExpFunc>/64,1885344,371.208,371.194,ns,,,,,,64
749,BM_stan_varmat<LogSumExpFunc>/64,1885344,369.81,369.763,ns,,,,,,64
750,BM_stan_varmat<LogSumExpFunc>/64,1885344,370.906,370.836,ns,,,,,,64
751,BM_stan_varmat<LogSumExpFunc>/64,1885344,372.269,372.247,ns,,,,,,64
752,BM_stan_varmat<LogSumExpFunc>/64,1885344,369.069,369.069,ns,,,,,,64
753,BM_stan_varmat<LogSumExpFunc>/64,1885344,372.867,372.853,ns,,,,,,64
754,BM_stan_varmat<LogSumExpFunc>/64,1885344,370.789,370.777,ns,,,,,,64
755,BM_stan_varmat<LogSumExpFunc>/64,1885344,369.239,369.216,ns,,,,,,64
756,BM_stan_varmat<LogSumExpFunc>/64,1885344,369.706,369.665,ns,,,,,,64
757,BM_stan_varmat<LogSumExpFunc>/64,1885344,368.896,368.893,ns,,,,,,64
758,BM_stan_varmat<LogSumExpFunc>/64,1885344,373.572,373.568,ns,,,,,,64
759,BM_stan_varmat<LogSumExpFunc>/64,1885344,372.543,372.536,ns,,,,,,64
760,BM_stan_varmat<LogSumExpFunc>/64,1885344,373.187,372.806,ns,,,,,,64
761,BM_stan_varmat<LogSumExpFunc>/64,1885344,369.878,369.861,ns,,,,,,64
762,BM_stan_varmat<LogSumExpFunc>/64,1885344,374.177,374.064,ns,,,,,,64
763,BM_stan_varmat<LogSumExpFunc>/64,1885344,369.592,369.554,ns,,,,,,64
764,BM_stan_varmat<LogSumExpFunc>/64,1885344,371.95,371.95,ns,,,,,,64
765,BM_stan_varmat<LogSumExpFunc>/64,1885344,372.441,372.419,ns,,,,,,64
766,BM_stan_varmat<LogSumExpFunc>/64,1885344,372.133,372.129,ns,,,,,,64
767,BM_stan_varmat<LogSumExpFunc>/64,1885344,369.042,369.039,ns,,,,,,64
768,BM_stan_varmat<LogSumExpFunc>/64,1885344,371.594,371.535,ns,,,,,,64
769,BM_stan_varmat<LogSumExpFunc>/64,1885344,371.282,371.259,ns,,,,,,64
770,BM_stan_varmat<LogSumExpFunc>/64,1885344,371.38,371.353,ns,,,,,,64
771,BM_stan_varmat<LogSumExpFunc>/64,1885344,372.598,372.576,ns,,,,,,64
772,BM_stan_varmat<LogSumExpFunc>/64,1885344,372.989,372.961,ns,,,,,,64
773,BM_stan_varmat<LogSumExpFunc>/64,1885344,368.656,368.633,ns,,,,,,64
774,BM_stan_varmat<LogSumExpFunc>/64,1885344,368.917,368.865,ns,,,,,,64
775,BM_stan_varmat<LogSumExpFunc>/64,1885344,368.719,368.707,ns,,,,,,64
776,BM_stan_varmat<LogSumExpFunc>/64,1885344,371.518,371.502,ns,,,,,,64
777,BM_stan_varmat<LogSumExpFunc>/64,1885344,369.507,369.472,ns,,,,,,64
778,BM_stan_varmat<LogSumExpFunc>/64_mean,30,371.014,370.977,ns,,,,,,64
779,BM_stan_varmat<LogSumExpFunc>/64_median,30,371.245,371.226,ns,,,,,,64
780,BM_stan_varmat<LogSumExpFunc>/64_stddev,30,1.65429,1.63568,ns,,,,,,0
781,BM_stan_varmat<LogSumExpFunc>/64_cv,30,0.00445882,0.00440911,,,,,,,0
782,BM_stan<LogSumExpFunc>/8192,10770,64830.9,64827.6,ns,,,,,,8192
783,BM_stan<LogSumExpFunc>/8192,10770,64132.6,64131.5,ns,,,,,,8192
784,BM_stan<LogSumExpFunc>/8192,10770,64243.0,64241.9,ns,,,,,,8192
785,BM_stan<LogSumExpFunc>/8192,10770,64636.9,64634.1,ns,,,,,,8192
786,BM_stan<LogSumExpFunc>/8192,10770,64566.8,64557.8,ns,,,,,,8192
787,BM_stan<LogSumExpFunc>/8192,10770,64414.2,64407.2,ns,,,,,,8192
788,BM_stan<LogSumExpFunc>/8192,10770,64182.5,64177.2,ns,,,,,,8192
789,BM_stan<LogSumExpFunc>/8192,10770,64981.0,64962.8,ns,,,,,,8192
790,BM_stan<LogSumExpFunc>/8192,10770,64278.8,64278.9,ns,,,,,,8192
791,BM_stan<LogSumExpFunc>/8192,10770,64689.9,64677.3,ns,,,,,,8192
792,BM_stan<LogSumExpFunc>/8192,10770,64693.4,64670.3,ns,,,,,,8192
793,BM_stan<LogSumExpFunc>/8192,10770,64347.5,64336.2,ns,,,,,,8192
794,BM_stan<LogSumExpFunc>/8192,10770,64213.9,64212.0,ns,,,,,,8192
795,BM_stan<LogSumExpFunc>/8192,10770,64225.0,64222.9,ns,,,,,,8192
796,BM_stan<LogSumExpFunc>/8192,10770,64114.8,64114.4,ns,,,,,,8192
797,BM_stan<LogSumExpFunc>/8192,10770,64265.3,64262.1,ns,,,,,,8192
798,BM_stan<LogSumExpFunc>/8192,10770,64410.8,64410.4,ns,,,,,,8192
799,BM_stan<LogSumExpFunc>/8192,10770,64762.6,64760.3,ns,,,,,,8192
800,BM_stan<LogSumExpFunc>/8192,10770,64629.6,64629.1,ns,,,,,,8192
801,BM_stan<LogSumExpFunc>/8192,10770,64572.6,64567.6,ns,,,,,,8192
802,BM_stan<LogSumExpFunc>/8192,10770,64153.3,64151.1,ns,,,,,,8192
803,BM_stan<LogSumExpFunc>/8192,10770,64457.4,64456.2,ns,,,,,,8192
804,BM_stan<LogSumExpFunc>/8192,10770,64186.5,64185.0,ns,,,,,,8192
805,BM_stan<LogSumExpFunc>/8192,10770,64131.6,64130.5,ns,,,,,,8192
806,BM_stan<LogSumExpFunc>/8192,10770,64180.9,64176.9,ns,,,,,,8192
807,BM_stan<LogSumExpFunc>/8192,10770,64491.5,64489.1,ns,,,,,,8192
808,BM_stan<LogSumExpFunc>/8192,10770,64136.9,64125.5,ns,,,,,,8192
809,BM_stan<LogSumExpFunc>/8192,10770,64074.7,64066.9,ns,,,,,,8192
810,BM_stan<LogSumExpFunc>/8192,10770,65277.2,65269.6,ns,,,,,,8192
811,BM_stan<LogSumExpFunc>/8192,10770,64226.4,64220.8,ns,,,,,,8192
812,BM_stan<LogSumExpFunc>/8192_mean,30,64417.0,64411.8,ns,,,,,,8192
813,BM_stan<LogSumExpFunc>/8192_median,30,64313.1,64307.6,ns,,,,,,8192
814,BM_stan<LogSumExpFunc>/8192_stddev,30,294.865,292.706,ns,,,,,,0
815,BM_stan<LogSumExpFunc>/8192_cv,30,0.00457745,0.0045443,,,,,,,0
816,BM_stan_varmat<LogSumExpFunc>/2048,70883,9930.13,9927.01,ns,,,,,,2048
817,BM_stan_varmat<LogSumExpFunc>/2048,70883,9790.88,9790.6,ns,,,,,,2048
818,BM_stan_varmat<LogSumExpFunc>/2048,70883,9845.67,9844.87,ns,,,,,,2048
819,BM_stan_varmat<LogSumExpFunc>/2048,70883,9803.92,9803.42,ns,,,,,,2048
820,BM_stan_varmat<LogSumExpFunc>/2048,70883,9779.54,9779.54,ns,,,,,,2048
821,BM_stan_varmat<LogSumExpFunc>/2048,70883,9883.8,9883.75,ns,,,,,,2048
822,BM_stan_varmat<LogSumExpFunc>/2048,70883,9797.98,9797.98,ns,,,,,,2048
823,BM_stan_varmat<LogSumExpFunc>/2048,70883,9802.75,9802.75,ns,,,,,,2048
824,BM_stan_varmat<LogSumExpFunc>/2048,70883,9831.29,9829.04,ns,,,,,,2048
825,BM_stan_varmat<LogSumExpFunc>/2048,70883,9810.23,9809.52,ns,,,,,,2048
826,BM_stan_varmat<LogSumExpFunc>/2048,70883,9783.64,9782.3,ns,,,,,,2048
827,BM_stan_varmat<LogSumExpFunc>/2048,70883,9932.68,9932.64,ns,,,,,,2048
828,BM_stan_varmat<LogSumExpFunc>/2048,70883,9897.75,9897.56,ns,,,,,,2048
829,BM_stan_varmat<LogSumExpFunc>/2048,70883,9845.43,9844.98,ns,,,,,,2048
830,BM_stan_varmat<LogSumExpFunc>/2048,70883,9769.46,9768.79,ns,,,,,,2048
831,BM_stan_varmat<LogSumExpFunc>/2048,70883,9784.14,9783.33,ns,,,,,,2048
832,BM_stan_varmat<LogSumExpFunc>/2048,70883,9809.81,9808.68,ns,,,,,,2048
833,BM_stan_varmat<LogSumExpFunc>/2048,70883,9874.84,9870.7,ns,,,,,,2048
834,BM_stan_varmat<LogSumExpFunc>/2048,70883,9782.3,9781.98,ns,,,,,,2048
835,BM_stan_varmat<LogSumExpFunc>/2048,70883,9792.94,9792.67,ns,,,,,,2048
836,BM_stan_varmat<LogSumExpFunc>/2048,70883,9794.17,9793.74,ns,,,,,,2048
837,BM_stan_varmat<LogSumExpFunc>/2048,70883,9817.26,9813.17,ns,,,,,,2048
838,BM_stan_varmat<LogSumExpFunc>/2048,70883,9771.78,9771.2,ns,,,,,,2048
839,BM_stan_varmat<LogSumExpFunc>/2048,70883,9764.27,9762.47,ns,,,,,,2048
840,BM_stan_varmat<LogSumExpFunc>/2048,70883,9770.02,9768.68,ns,,,,,,2048
841,BM_stan_varmat<LogSumExpFunc>/2048,70883,9802.47,9801.97,ns,,,,,,2048
842,BM_stan_varmat<LogSumExpFunc>/2048,70883,9777.71,9777.53,ns,,,,,,2048
843,BM_stan_varmat<LogSumExpFunc>/2048,70883,9803.17,9802.91,ns,,,,,,2048
844,BM_stan_varmat<LogSumExpFunc>/2048,70883,9788.99,9788.74,ns,,,,,,2048
845,BM_stan_varmat<LogSumExpFunc>/2048,70883,9864.87,9864.65,ns,,,,,,2048
846,BM_stan_varmat<LogSumExpFunc>/2048_mean,30,9816.8,9815.91,ns,,,,,,2048
847,BM_stan_varmat<LogSumExpFunc>/2048_median,30,9802.61,9802.36,ns,,,,,,2048
848,BM_stan_varmat<LogSumExpFunc>/2048_stddev,30,47.0043,46.7719,ns,,,,,,0
849,BM_stan_varmat<LogSumExpFunc>/2048_cv,30,0.00478815,0.00476491,,,,,,,0
850,BM_stan<LogSumExpFunc>/4,6835937,102.661,102.656,ns,,,,,,4
851,BM_stan<LogSumExpFunc>/4,6835937,102.699,102.687,ns,,,,,,4
852,BM_stan<LogSumExpFunc>/4,6835937,102.516,102.509,ns,,,,,,4
853,BM_stan<LogSumExpFunc>/4,6835937,102.345,102.329,ns,,,,,,4
854,BM_stan<LogSumExpFunc>/4,6835937,102.863,102.857,ns,,,,,,4
855,BM_stan<LogSumExpFunc>/4,6835937,102.507,102.502,ns,,,,,,4
856,BM_stan<LogSumExpFunc>/4,6835937,102.286,102.279,ns,,,,,,4
857,BM_stan<LogSumExpFunc>/4,6835937,102.291,102.288,ns,,,,,,4
858,BM_stan<LogSumExpFunc>/4,6835937,102.338,102.336,ns,,,,,,4
859,BM_stan<LogSumExpFunc>/4,6835937,102.585,102.581,ns,,,,,,4
860,BM_stan<LogSumExpFunc>/4,6835937,101.88,101.88,ns,,,,,,4
861,BM_stan<LogSumExpFunc>/4,6835937,102.83,102.83,ns,,,,,,4
862,BM_stan<LogSumExpFunc>/4,6835937,102.725,102.725,ns,,,,,,4
863,BM_stan<LogSumExpFunc>/4,6835937,102.474,102.472,ns,,,,,,4
864,BM_stan<LogSumExpFunc>/4,6835937,102.622,102.614,ns,,,,,,4
865,BM_stan<LogSumExpFunc>/4,6835937,102.178,102.177,ns,,,,,,4
866,BM_stan<LogSumExpFunc>/4,6835937,101.799,101.798,ns,,,,,,4
867,BM_stan<LogSumExpFunc>/4,6835937,102.182,102.178,ns,,,,,,4
868,BM_stan<LogSumExpFunc>/4,6835937,102.769,102.768,ns,,,,,,4
869,BM_stan<LogSumExpFunc>/4,6835937,102.321,102.317,ns,,,,,,4
870,BM_stan<LogSumExpFunc>/4,6835937,102.232,102.228,ns,,,,,,4
871,BM_stan<LogSumExpFunc>/4,6835937,102.604,102.6,ns,,,,,,4
872,BM_stan<LogSumExpFunc>/4,6835937,101.871,101.861,ns,,,,,,4
873,BM_stan<LogSumExpFunc>/4,6835937,102.43,102.423,ns,,,,,,4
874,BM_stan<LogSumExpFunc>/4,6835937,102.024,102.02,ns,,,,,,4
875,BM_stan<LogSumExpFunc>/4,6835937,102.502,102.501,ns,,,,,,4
876,BM_stan<LogSumExpFunc>/4,6835937,102.401,102.387,ns,,,,,,4
877,BM_stan<LogSumExpFunc>/4,6835937,101.85,101.847,ns,,,,,,4
878,BM_stan<LogSumExpFunc>/4,6835937,101.865,101.854,ns,,,,,,4
879,BM_stan<LogSumExpFunc>/4,6835937,101.674,101.673,ns,,,,,,4
880,BM_stan<LogSumExpFunc>/4_mean,30,102.344,102.339,ns,,,,,,4
881,BM_stan<LogSumExpFunc>/4_median,30,102.373,102.362,ns,,,,,,4
882,BM_stan<LogSumExpFunc>/4_stddev,30,0.33238,0.332098,ns,,,,,,0
883,BM_stan<LogSumExpFunc>/4_cv,30,0.00324767,0.00324507,,,,,,,0
884,BM_stan_varmat<LogSumExpFunc>/4096,35797,19591.7,19590.7,ns,,,,,,4096
885,BM_stan_varmat<LogSumExpFunc>/4096,35797,19518.7,19516.5,ns,,,,,,4096
886,BM_stan_varmat<LogSumExpFunc>/4096,35797,19454.1,19453.3,ns,,,,,,4096
887,BM_stan_varmat<LogSumExpFunc>/4096,35797,19455.9,19455.2,ns,,,,,,4096
888,BM_stan_varmat<LogSumExpFunc>/4096,35797,19411.6,19410.7,ns,,,,,,4096
889,BM_stan_varmat<LogSumExpFunc>/4096,35797,19462.6,19459.6,ns,,,,,,4096
890,BM_stan_varmat<LogSumExpFunc>/4096,35797,19353.2,19352.6,ns,,,,,,4096
891,BM_stan_varmat<LogSumExpFunc>/4096,35797,19369.5,19369.1,ns,,,,,,4096
892,BM_stan_varmat<LogSumExpFunc>/4096,35797,19352.0,19351.8,ns,,,,,,4096
893,BM_stan_varmat<LogSumExpFunc>/4096,35797,19430.8,19426.1,ns,,,,,,4096
894,BM_stan_varmat<LogSumExpFunc>/4096,35797,19401.0,19400.4,ns,,,,,,4096
895,BM_stan_varmat<LogSumExpFunc>/4096,35797,19365.2,19365.2,ns,,,,,,4096
896,BM_stan_varmat<LogSumExpFunc>/4096,35797,19410.3,19409.0,ns,,,,,,4096
897,BM_stan_varmat<LogSumExpFunc>/4096,35797,19363.7,19363.7,ns,,,,,,4096
898,BM_stan_varmat<LogSumExpFunc>/4096,35797,19414.1,19413.4,ns,,,,,,4096
899,BM_stan_varmat<LogSumExpFunc>/4096,35797,19388.1,19387.5,ns,,,,,,4096
900,BM_stan_varmat<LogSumExpFunc>/4096,35797,19444.4,19441.9,ns,,,,,,4096
901,BM_stan_varmat<LogSumExpFunc>/4096,35797,19481.6,19478.3,ns,,,,,,4096
902,BM_stan_varmat<LogSumExpFunc>/4096,35797,19381.2,19380.9,ns,,,,,,4096
903,BM_stan_varmat<LogSumExpFunc>/4096,35797,19445.0,19443.6,ns,,,,,,4096
904,BM_stan_varmat<LogSumExpFunc>/4096,35797,19429.2,19427.5,ns,,,,,,4096
905,BM_stan_varmat<LogSumExpFunc>/4096,35797,19365.7,19363.7,ns,,,,,,4096
906,BM_stan_varmat<LogSumExpFunc>/4096,35797,19345.9,19343.4,ns,,,,,,4096
907,BM_stan_varmat<LogSumExpFunc>/4096,35797,19397.8,19397.7,ns,,,,,,4096
908,BM_stan_varmat<LogSumExpFunc>/4096,35797,19380.8,19380.3,ns,,,,,,4096
909,BM_stan_varmat<LogSumExpFunc>/4096,35797,19527.5,19527.1,ns,,,,,,4096
910,BM_stan_varmat<LogSumExpFunc>/4096,35797,19403.3,19402.8,ns,,,,,,4096
911,BM_stan_varmat<LogSumExpFunc>/4096,35797,19481.8,19479.9,ns,,,,,,4096
912,BM_stan_varmat<LogSumExpFunc>/4096,35797,19381.7,19381.0,ns,,,,,,4096
913,BM_stan_varmat<LogSumExpFunc>/4096,35797,19520.5,19512.3,ns,,,,,,4096
914,BM_stan_varmat<LogSumExpFunc>/4096_mean,30,19424.3,19422.8,ns,,,,,,4096
915,BM_stan_varmat<LogSumExpFunc>/4096_median,30,19410.9,19409.8,ns,,,,,,4096
916,BM_stan_varmat<LogSumExpFunc>/4096_stddev,30,60.6628,59.9843,ns,,,,,,0
917,BM_stan_varmat<LogSumExpFunc>/4096_cv,30,0.00312304,0.00308834,,,,,,,0
918,BM_stan_varmat<LogSumExpFunc>/65536,2253,309228.0,309221.0,ns,,,,,,65536
919,BM_stan_varmat<LogSumExpFunc>/65536,2253,310874.0,310846.0,ns,,,,,,65536
920,BM_stan_varmat<LogSumExpFunc>/65536,2253,311940.0,311915.0,ns,,,,,,65536
921,BM_stan_varmat<LogSumExpFunc>/65536,2253,311017.0,311003.0,ns,,,,,,65536
922,BM_stan_varmat<LogSumExpFunc>/65536,2253,309417.0,309410.0,ns,,,,,,65536
923,BM_stan_varmat<LogSumExpFunc>/65536,2253,310494.0,310493.0,ns,,,,,,65536
924,BM_stan_varmat<LogSumExpFunc>/65536,2253,309842.0,309837.0,ns,,,,,,65536
925,BM_stan_varmat<LogSumExpFunc>/65536,2253,311224.0,311199.0,ns,,,,,,65536
926,BM_stan_varmat<LogSumExpFunc>/65536,2253,310644.0,310609.0,ns,,,,,,65536
927,BM_stan_varmat<LogSumExpFunc>/65536,2253,311647.0,311610.0,ns,,,,,,65536
928,BM_stan_varmat<LogSumExpFunc>/65536,2253,310623.0,310615.0,ns,,,,,,65536
929,BM_stan_varmat<LogSumExpFunc>/65536,2253,310417.0,310386.0,ns,,,,,,65536
930,BM_stan_varmat<LogSumExpFunc>/65536,2253,310523.0,310485.0,ns,,,,,,65536
931,BM_stan_varmat<LogSumExpFunc>/65536,2253,311281.0,311280.0,ns,,,,,,65536
932,BM_stan_varmat<LogSumExpFunc>/65536,2253,310911.0,310877.0,ns,,,,,,65536
933,BM_stan_varmat<LogSumExpFunc>/65536,2253,309736.0,309714.0,ns,,,,,,65536
934,BM_stan_varmat<LogSumExpFunc>/65536,2253,310615.0,310598.0,ns,,,,,,65536
935,BM_stan_varmat<LogSumExpFunc>/65536,2253,312495.0,312486.0,ns,,,,,,65536
936,BM_stan_varmat<LogSumExpFunc>/65536,2253,309492.0,309489.0,ns,,,,,,65536
937,BM_stan_varmat<LogSumExpFunc>/65536,2253,310073.0,310050.0,ns,,,,,,65536
938,BM_stan_varmat<LogSumExpFunc>/65536,2253,309250.0,309243.0,ns,,,,,,65536
939,BM_stan_varmat<LogSumExpFunc>/65536,2253,309662.0,309657.0,ns,,,,,,65536
940,BM_stan_varmat<LogSumExpFunc>/65536,2253,309867.0,309841.0,ns,,,,,,65536
941,BM_stan_varmat<LogSumExpFunc>/65536,2253,309399.0,309339.0,ns,,,,,,65536
942,BM_stan_varmat<LogSumExpFunc>/65536,2253,314507.0,314074.0,ns,,,,,,65536
943,BM_stan_varmat<LogSumExpFunc>/65536,2253,311259.0,311229.0,ns,,,,,,65536
944,BM_stan_varmat<LogSumExpFunc>/65536,2253,310660.0,310640.0,ns,,,,,,65536
945,BM_stan_varmat<LogSumExpFunc>/65536,2253,311990.0,311809.0,ns,,,,,,65536
946,BM_stan_varmat<LogSumExpFunc>/65536,2253,309425.0,309424.0,ns,,,,,,65536
947,BM_stan_varmat<LogSumExpFunc>/65536,2253,309391.0,309384.0,ns,,,,,,65536
948,BM_stan_varmat<LogSumExpFunc>/65536_mean,30,310597.0,310559.0,ns,,,,,,65536
949,BM_stan_varmat<LogSumExpFunc>/65536_median,30,310569.0,310545.0,ns,,,,,,65536
950,BM_stan_varmat<LogSumExpFunc>/65536_stddev,30,1159.65,1104.14,ns,,,,,,0
951,BM_stan_varmat<LogSumExpFunc>/65536_cv,30,0.00373363,0.00355535,,,,,,,0
952,BM_stan<LogSumExpFunc>/128000,691,1015950.0,1015880.0,ns,,,,,,128000
953,BM_stan<LogSumExpFunc>/128000,691,1019870.0,1019630.0,ns,,,,,,128000
954,BM_stan<LogSumExpFunc>/128000,691,1018910.0,1018860.0,ns,,,,,,128000
955,BM_stan<LogSumExpFunc>/128000,691,1025380.0,1025350.0,ns,,,,,,128000
956,BM_stan<LogSumExpFunc>/128000,691,1010980.0,1010960.0,ns,,,,,,128000
957,BM_stan<LogSumExpFunc>/128000,691,1020740.0,1020650.0,ns,,,,,,128000
958,BM_stan<LogSumExpFunc>/128000,691,1021310.0,1020950.0,ns,,,,,,128000
959,BM_stan<LogSumExpFunc>/128000,691,1012400.0,1012350.0,ns,,,,,,128000
960,BM_stan<LogSumExpFunc>/128000,691,1013110.0,1013080.0,ns,,,,,,128000
961,BM_stan<LogSumExpFunc>/128000,691,1012150.0,1012090.0,ns,,,,,,128000
962,BM_stan<LogSumExpFunc>/128000,691,1017050.0,1017050.0,ns,,,,,,128000
963,BM_stan<LogSumExpFunc>/128000,691,1012240.0,1012230.0,ns,,,,,,128000
964,BM_stan<LogSumExpFunc>/128000,691,1013430.0,1013360.0,ns,,,,,,128000
965,BM_stan<LogSumExpFunc>/128000,691,1021110.0,1020910.0,ns,,,,,,128000
966,BM_stan<LogSumExpFunc>/128000,691,1012160.0,1012030.0,ns,,,,,,128000
967,BM_stan<LogSumExpFunc>/128000,691,1090410.0,1088420.0,ns,,,,,,128000
968,BM_stan<LogSumExpFunc>/128000,691,1018660.0,1018570.0,ns,,,,,,128000
969,BM_stan<LogSumExpFunc>/128000,691,1018120.0,1018050.0,ns,,,,,,128000
970,BM_stan<LogSumExpFunc>/128000,691,1010650.0,1010650.0,ns,,,,,,128000
971,BM_stan<LogSumExpFunc>/128000,691,1013410.0,1013360.0,ns,,,,,,128000
972,BM_stan<LogSumExpFunc>/128000,691,1018020.0,1017970.0,ns,,,,,,128000
973,BM_stan<LogSumExpFunc>/128000,691,1014890.0,1014780.0,ns,,,,,,128000
974,BM_stan<LogSumExpFunc>/128000,691,1014920.0,1014910.0,ns,,,,,,128000
975,BM_stan<LogSumExpFunc>/128000,691,1026060.0,1025840.0,ns,,,,,,128000
976,BM_stan<LogSumExpFunc>/128000,691,1010980.0,1010970.0,ns,,,,,,128000
977,BM_stan<LogSumExpFunc>/128000,691,1010510.0,1010480.0,ns,,,,,,128000
978,BM_stan<LogSumExpFunc>/128000,691,1011320.0,1011300.0,ns,,,,,,128000
979,BM_stan<LogSumExpFunc>/128000,691,1011280.0,1011210.0,ns,,,,,,128000
980,BM_stan<LogSumExpFunc>/128000,691,1018200.0,1017860.0,ns,,,,,,128000
981,BM_stan<LogSumExpFunc>/128000,691,1013140.0,1013100.0,ns,,,,,,128000
982,BM_stan<LogSumExpFunc>/128000_mean,30,1018250.0,1018100.0,ns,,,,,,128000
983,BM_stan<LogSumExpFunc>/128000_median,30,1014910.0,1014850.0,ns,,,,,,128000
984,BM_stan<LogSumExpFunc>/128000_stddev,30,14310.8,13963.4,ns,,,,,,0
985,BM_stan<LogSumExpFunc>/128000_cv,30,0.0140544,0.0137152,,,,,,,0
986,BM_stan_varmat<LogSumExpFunc>/128000,1143,606277.0,606231.0,ns,,,,,,128000
987,BM_stan_varmat<LogSumExpFunc>/128000,1143,606294.0,606157.0,ns,,,,,,128000
988,BM_stan_varmat<LogSumExpFunc>/128000,1143,605933.0,605891.0,ns,,,,,,128000
989,BM_stan_varmat<LogSumExpFunc>/128000,1143,606072.0,606036.0,ns,,,,,,128000
990,BM_stan_varmat<LogSumExpFunc>/128000,1143,609530.0,609339.0,ns,,,,,,128000
991,BM_stan_varmat<LogSumExpFunc>/128000,1143,607230.0,607181.0,ns,,,,,,128000
992,BM_stan_varmat<LogSumExpFunc>/128000,1143,606640.0,606612.0,ns,,,,,,128000
993,BM_stan_varmat<LogSumExpFunc>/128000,1143,605137.0,605093.0,ns,,,,,,128000
994,BM_stan_varmat<LogSumExpFunc>/128000,1143,603677.0,603640.0,ns,,,,,,128000
995,BM_stan_varmat<LogSumExpFunc>/128000,1143,610790.0,610732.0,ns,,,,,,128000
996,BM_stan_varmat<LogSumExpFunc>/128000,1143,604779.0,604768.0,ns,,,,,,128000
997,BM_stan_varmat<LogSumExpFunc>/128000,1143,606764.0,606756.0,ns,,,,,,128000
998,BM_stan_varmat<LogSumExpFunc>/128000,1143,607845.0,607824.0,ns,,,,,,128000
999,BM_stan_varmat<LogSumExpFunc>/128000,1143,614453.0,614243.0,ns,,,,,,128000
1000,BM_stan_varmat<LogSumExpFunc>/128000,1143,606769.0,606704.0,ns,,,,,,128000
1001,BM_stan_varmat<LogSumExpFunc>/128000,1143,610049.0,610008.0,ns,,,,,,128000
1002,BM_stan_varmat<LogSumExpFunc>/128000,1143,607025.0,606962.0,ns,,,,,,128000
1003,BM_stan_varmat<LogSumExpFunc>/128000,1143,604079.0,604042.0,ns,,,,,,128000
1004,BM_stan_varmat<LogSumExpFunc>/128000,1143,606940.0,606940.0,ns,,,,,,128000
1005,BM_stan_varmat<LogSumExpFunc>/128000,1143,605122.0,605051.0,ns,,,,,,128000
1006,BM_stan_varmat<LogSumExpFunc>/128000,1143,609889.0,609696.0,ns,,,,,,128000
1007,BM_stan_varmat<LogSumExpFunc>/128000,1143,606744.0,606707.0,ns,,,,,,128000
1008,BM_stan_varmat<LogSumExpFunc>/128000,1143,612132.0,612014.0,ns,,,,,,128000
1009,BM_stan_varmat<LogSumExpFunc>/128000,1143,610673.0,610667.0,ns,,,,,,128000
1010,BM_stan_varmat<LogSumExpFunc>/128000,1143,603870.0,603849.0,ns,,,,,,128000
1011,BM_stan_varmat<LogSumExpFunc>/128000,1143,603664.0,603611.0,ns,,,,,,128000
1012,BM_stan_varmat<LogSumExpFunc>/128000,1143,609747.0,609619.0,ns,,,,,,128000
1013,BM_stan_varmat<LogSumExpFunc>/128000,1143,603654.0,603595.0,ns,,,,,,128000
1014,BM_stan_varmat<LogSumExpFunc>/128000,1143,605900.0,605829.0,ns,,,,,,128000
1015,BM_stan_varmat<LogSumExpFunc>/128000,1143,604720.0,604708.0,ns,,,,,,128000
1016,BM_stan_varmat<LogSumExpFunc>/128000_mean,30,607080.0,607017.0,ns,,,,,,128000
1017,BM_stan_varmat<LogSumExpFunc>/128000_median,30,606692.0,606658.0,ns,,,,,,128000
1018,BM_stan_varmat<LogSumExpFunc>/128000_stddev,30,2724.46,2692.75,ns,,,,,,0
1019,BM_stan_varmat<LogSumExpFunc>/128000_cv,30,0.00448782,0.00443604,,,,,,,0
1020,BM_stan_varmat<LogSumExpFunc>/2,8415282,82.8375,82.8311,ns,,,,,,2
1021,BM_stan_varmat<LogSumExpFunc>/2,8415282,82.6547,82.6436,ns,,,,,,2
1022,BM_stan_varmat<LogSumExpFunc>/2,8415282,82.8521,82.8425,ns,,,,,,2
1023,BM_stan_varmat<LogSumExpFunc>/2,8415282,84.0539,84.0524,ns,,,,,,2
1024,BM_stan_varmat<LogSumExpFunc>/2,8415282,83.0868,83.0868,ns,,,,,,2
1025,BM_stan_varmat<LogSumExpFunc>/2,8415282,82.4152,82.4088,ns,,,,,,2
1026,BM_stan_varmat<LogSumExpFunc>/2,8415282,82.102,82.1017,ns,,,,,,2
1027,BM_stan_varmat<LogSumExpFunc>/2,8415282,82.1052,82.1031,ns,,,,,,2
1028,BM_stan_varmat<LogSumExpFunc>/2,8415282,83.4588,83.4538,ns,,,,,,2
1029,BM_stan_varmat<LogSumExpFunc>/2,8415282,83.3672,83.3631,ns,,,,,,2
1030,BM_stan_varmat<LogSumExpFunc>/2,8415282,83.0415,83.0407,ns,,,,,,2
1031,BM_stan_varmat<LogSumExpFunc>/2,8415282,83.2444,83.2409,ns,,,,,,2
1032,BM_stan_varmat<LogSumExpFunc>/2,8415282,82.4648,82.4647,ns,,,,,,2
1033,BM_stan_varmat<LogSumExpFunc>/2,8415282,83.3658,83.3613,ns,,,,,,2
1034,BM_stan_varmat<LogSumExpFunc>/2,8415282,83.8443,83.8261,ns,,,,,,2
1035,BM_stan_varmat<LogSumExpFunc>/2,8415282,83.6436,83.6353,ns,,,,,,2
1036,BM_stan_varmat<LogSumExpFunc>/2,8415282,82.3009,82.2965,ns,,,,,,2
1037,BM_stan_varmat<LogSumExpFunc>/2,8415282,83.6398,83.6318,ns,,,,,,2
1038,BM_stan_varmat<LogSumExpFunc>/2,8415282,83.1823,83.18,ns,,,,,,2
1039,BM_stan_varmat<LogSumExpFunc>/2,8415282,83.419,83.4102,ns,,,,,,2
1040,BM_stan_varmat<LogSumExpFunc>/2,8415282,83.3067,83.3015,ns,,,,,,2
1041,BM_stan_varmat<LogSumExpFunc>/2,8415282,83.1135,83.104,ns,,,,,,2
1042,BM_stan_varmat<LogSumExpFunc>/2,8415282,82.2527,82.2461,ns,,,,,,2
1043,BM_stan_varmat<LogSumExpFunc>/2,8415282,82.2121,82.1982,ns,,,,,,2
1044,BM_stan_varmat<LogSumExpFunc>/2,8415282,83.2249,83.2169,ns,,,,,,2
1045,BM_stan_varmat<LogSumExpFunc>/2,8415282,82.156,82.1523,ns,,,,,,2
1046,BM_stan_varmat<LogSumExpFunc>/2,8415282,82.2503,82.2486,ns,,,,,,2
1047,BM_stan_varmat<LogSumExpFunc>/2,8415282,82.3371,82.3353,ns,,,,,,2
1048,BM_stan_varmat<LogSumExpFunc>/2,8415282,83.3004,83.2948,ns,,,,,,2
1049,BM_stan_varmat<LogSumExpFunc>/2,8415282,82.4653,82.4654,ns,,,,,,2
1050,BM_stan_varmat<LogSumExpFunc>/2_mean,30,82.9233,82.9179,ns,,,,,,2
1051,BM_stan_varmat<LogSumExpFunc>/2_median,30,83.0641,83.0638,ns,,,,,,2
1052,BM_stan_varmat<LogSumExpFunc>/2_stddev,30,0.573732,0.572571,ns,,,,,,0
1053,BM_stan_varmat<LogSumExpFunc>/2_cv,30,0.00691882,0.00690528,,,,,,,0
1054,BM_stan<LogSumExpFunc>/128,689146,1020.56,1020.47,ns,,,,,,128
1055,BM_stan<LogSumExpFunc>/128,689146,1025.49,1025.45,ns,,,,,,128
1056,BM_stan<LogSumExpFunc>/128,689146,1018.48,1018.42,ns,,,,,,128
1057,BM_stan<LogSumExpFunc>/128,689146,1015.88,1015.82,ns,,,,,,128
1058,BM_stan<LogSumExpFunc>/128,689146,1021.32,1021.25,ns,,,,,,128
1059,BM_stan<LogSumExpFunc>/128,689146,1020.61,1020.55,ns,,,,,,128
1060,BM_stan<LogSumExpFunc>/128,689146,1021.58,1021.57,ns,,,,,,128
1061,BM_stan<LogSumExpFunc>/128,689146,1020.77,1020.7,ns,,,,,,128
1062,BM_stan<LogSumExpFunc>/128,689146,1033.56,1033.22,ns,,,,,,128
1063,BM_stan<LogSumExpFunc>/128,689146,1017.24,1017.2,ns,,,,,,128
1064,BM_stan<LogSumExpFunc>/128,689146,1018.44,1018.34,ns,,,,,,128
1065,BM_stan<LogSumExpFunc>/128,689146,1018.29,1018.25,ns,,,,,,128
1066,BM_stan<LogSumExpFunc>/128,689146,1078.67,1065.8,ns,,,,,,128
1067,BM_stan<LogSumExpFunc>/128,689146,1017.69,1017.65,ns,,,,,,128
1068,BM_stan<LogSumExpFunc>/128,689146,1015.49,1015.49,ns,,,,,,128
1069,BM_stan<LogSumExpFunc>/128,689146,1024.87,1024.84,ns,,,,,,128
1070,BM_stan<LogSumExpFunc>/128,689146,1015.45,1015.44,ns,,,,,,128
1071,BM_stan<LogSumExpFunc>/128,689146,1016.94,1016.91,ns,,,,,,128
1072,BM_stan<LogSumExpFunc>/128,689146,1020.88,1020.77,ns,,,,,,128
1073,BM_stan<LogSumExpFunc>/128,689146,1027.07,1026.8,ns,,,,,,128
1074,BM_stan<LogSumExpFunc>/128,689146,1015.48,1015.46,ns,,,,,,128
1075,BM_stan<LogSumExpFunc>/128,689146,1016.85,1016.74,ns,,,,,,128
1076,BM_stan<LogSumExpFunc>/128,689146,1018.46,1018.2,ns,,,,,,128
1077,BM_stan<LogSumExpFunc>/128,689146,1016.03,1015.9,ns,,,,,,128
1078,BM_stan<LogSumExpFunc>/128,689146,1015.26,1015.26,ns,,,,,,128
1079,BM_stan<LogSumExpFunc>/128,689146,1015.08,1014.87,ns,,,,,,128
1080,BM_stan<LogSumExpFunc>/128,689146,1022.81,1022.55,ns,,,,,,128
1081,BM_stan<LogSumExpFunc>/128,689146,1022.8,1022.57,ns,,,,,,128
1082,BM_stan<LogSumExpFunc>/128,689146,1043.95,1042.67,ns,,,,,,128
1083,BM_stan<LogSumExpFunc>/128,689146,1023.03,1022.94,ns,,,,,,128
1084,BM_stan<LogSumExpFunc>/128_mean,30,1022.64,1022.07,ns,,,,,,128
1085,BM_stan<LogSumExpFunc>/128_median,30,1019.52,1019.44,ns,,,,,,128
1086,BM_stan<LogSumExpFunc>/128_stddev,30,12.1906,10.1292,ns,,,,,,0
1087,BM_stan<LogSumExpFunc>/128_cv,30,0.0119208,0.00991045,,,,,,,0
1088,BM_stan<LogSumExpFunc>/32,2314493,304.251,304.237,ns,,,,,,32
1089,BM_stan<LogSumExpFunc>/32,2314493,302.521,302.503,ns,,,,,,32
1090,BM_stan<LogSumExpFunc>/32,2314493,304.469,304.432,ns,,,,,,32
1091,BM_stan<LogSumExpFunc>/32,2314493,302.668,302.659,ns,,,,,,32
1092,BM_stan<LogSumExpFunc>/32,2314493,302.92,302.898,ns,,,,,,32
1093,BM_stan<LogSumExpFunc>/32,2314493,302.168,302.124,ns,,,,,,32
1094,BM_stan<LogSumExpFunc>/32,2314493,305.615,305.6,ns,,,,,,32
1095,BM_stan<LogSumExpFunc>/32,2314493,302.303,302.288,ns,,,,,,32
1096,BM_stan<LogSumExpFunc>/32,2314493,302.641,302.637,ns,,,,,,32
1097,BM_stan<LogSumExpFunc>/32,2314493,302.096,302.086,ns,,,,,,32
1098,BM_stan<LogSumExpFunc>/32,2314493,303.546,303.508,ns,,,,,,32
1099,BM_stan<LogSumExpFunc>/32,2314493,302.438,302.426,ns,,,,,,32
1100,BM_stan<LogSumExpFunc>/32,2314493,301.868,301.827,ns,,,,,,32
1101,BM_stan<LogSumExpFunc>/32,2314493,303.365,303.284,ns,,,,,,32
1102,BM_stan<LogSumExpFunc>/32,2314493,303.601,303.601,ns,,,,,,32
1103,BM_stan<LogSumExpFunc>/32,2314493,302.647,302.645,ns,,,,,,32
1104,BM_stan<LogSumExpFunc>/32,2314493,306.28,306.228,ns,,,,,,32
1105,BM_stan<LogSumExpFunc>/32,2314493,302.915,302.891,ns,,,,,,32
1106,BM_stan<LogSumExpFunc>/32,2314493,303.414,303.399,ns,,,,,,32
1107,BM_stan<LogSumExpFunc>/32,2314493,302.532,302.439,ns,,,,,,32
1108,BM_stan<LogSumExpFunc>/32,2314493,301.986,301.944,ns,,,,,,32
1109,BM_stan<LogSumExpFunc>/32,2314493,301.797,301.773,ns,,,,,,32
1110,BM_stan<LogSumExpFunc>/32,2314493,301.365,301.357,ns,,,,,,32
1111,BM_stan<LogSumExpFunc>/32,2314493,304.894,304.795,ns,,,,,,32
1112,BM_stan<LogSumExpFunc>/32,2314493,304.266,304.146,ns,,,,,,32
1113,BM_stan<LogSumExpFunc>/32,2314493,302.44,302.348,ns,,,,,,32
1114,BM_stan<LogSumExpFunc>/32,2314493,303.907,303.886,ns,,,,,,32
1115,BM_stan<LogSumExpFunc>/32,2314493,301.806,301.784,ns,,,,,,32
1116,BM_stan<LogSumExpFunc>/32,2314493,301.812,301.797,ns,,,,,,32
1117,BM_stan<LogSumExpFunc>/32,2314493,302.749,302.749,ns,,,,,,32
1118,BM_stan<LogSumExpFunc>/32_mean,30,303.043,303.01,ns,,,,,,32
1119,BM_stan<LogSumExpFunc>/32_median,30,302.658,302.652,ns,,,,,,32
1120,BM_stan<LogSumExpFunc>/32_stddev,30,1.18935,1.18087,ns,,,,,,0
1121,BM_stan<LogSumExpFunc>/32_cv,30,0.00392469,0.00389714,,,,,,,0
1122,BM_stan<LogSumExpFunc>/4096,21457,32545.1,32544.5,ns,,,,,,4096
1123,BM_stan<LogSumExpFunc>/4096,21457,32442.3,32442.2,ns,,,,,,4096
1124,BM_stan<LogSumExpFunc>/4096,21457,32909.1,32908.3,ns,,,,,,4096
1125,BM_stan<LogSumExpFunc>/4096,21457,32816.2,32814.0,ns,,,,,,4096
1126,BM_stan<LogSumExpFunc>/4096,21457,32788.3,32786.5,ns,,,,,,4096
1127,BM_stan<LogSumExpFunc>/4096,21457,32284.7,32283.5,ns,,,,,,4096
1128,BM_stan<LogSumExpFunc>/4096,21457,32314.5,32313.1,ns,,,,,,4096
1129,BM_stan<LogSumExpFunc>/4096,21457,32675.5,32674.4,ns,,,,,,4096
1130,BM_stan<LogSumExpFunc>/4096,21457,32312.6,32312.5,ns,,,,,,4096
1131,BM_stan<LogSumExpFunc>/4096,21457,32426.1,32425.5,ns,,,,,,4096
1132,BM_stan<LogSumExpFunc>/4096,21457,32370.1,32369.9,ns,,,,,,4096
1133,BM_stan<LogSumExpFunc>/4096,21457,32691.6,32687.3,ns,,,,,,4096
1134,BM_stan<LogSumExpFunc>/4096,21457,32546.0,32544.9,ns,,,,,,4096
1135,BM_stan<LogSumExpFunc>/4096,21457,32716.7,32715.9,ns,,,,,,4096
1136,BM_stan<LogSumExpFunc>/4096,21457,32697.2,32697.1,ns,,,,,,4096
1137,BM_stan<LogSumExpFunc>/4096,21457,32458.7,32457.0,ns,,,,,,4096
1138,BM_stan<LogSumExpFunc>/4096,21457,32660.1,32660.0,ns,,,,,,4096
1139,BM_stan<LogSumExpFunc>/4096,21457,32345.6,32343.7,ns,,,,,,4096
1140,BM_stan<LogSumExpFunc>/4096,21457,32512.9,32510.6,ns,,,,,,4096
1141,BM_stan<LogSumExpFunc>/4096,21457,32457.7,32456.2,ns,,,,,,4096
1142,BM_stan<LogSumExpFunc>/4096,21457,32552.5,32548.4,ns,,,,,,4096
1143,BM_stan<LogSumExpFunc>/4096,21457,32673.1,32667.9,ns,,,,,,4096
1144,BM_stan<LogSumExpFunc>/4096,21457,32398.2,32395.7,ns,,,,,,4096
1145,BM_stan<LogSumExpFunc>/4096,21457,32675.5,32673.8,ns,,,,,,4096
1146,BM_stan<LogSumExpFunc>/4096,21457,32288.6,32287.1,ns,,,,,,4096
1147,BM_stan<LogSumExpFunc>/4096,21457,32617.7,32616.1,ns,,,,,,4096
1148,BM_stan<LogSumExpFunc>/4096,21457,32521.7,32519.3,ns,,,,,,4096
1149,BM_stan<LogSumExpFunc>/4096,21457,32484.0,32476.7,ns,,,,,,4096
1150,BM_stan<LogSumExpFunc>/4096,21457,32417.5,32416.4,ns,,,,,,4096
1151,BM_stan<LogSumExpFunc>/4096,21457,32974.8,32973.9,ns,,,,,,4096
1152,BM_stan<LogSumExpFunc>/4096_mean,30,32552.5,32550.7,ns,,,,,,4096
1153,BM_stan<LogSumExpFunc>/4096_median,30,32533.4,32531.9,ns,,,,,,4096
1154,BM_stan<LogSumExpFunc>/4096_stddev,30,184.339,184.259,ns,,,,,,0
1155,BM_stan<LogSumExpFunc>/4096_cv,30,0.00566282,0.00566066,,,,,,,0
1156,BM_stan_varmat<LogSumExpFunc>/16384,9003,77499.1,77497.6,ns,,,,,,16384
1157,BM_stan_varmat<LogSumExpFunc>/16384,9003,77487.4,77474.7,ns,,,,,,16384
1158,BM_stan_varmat<LogSumExpFunc>/16384,9003,77910.2,77889.3,ns,,,,,,16384
1159,BM_stan_varmat<LogSumExpFunc>/16384,9003,77504.6,77499.6,ns,,,,,,16384
1160,BM_stan_varmat<LogSumExpFunc>/16384,9003,77535.5,77527.2,ns,,,,,,16384
1161,BM_stan_varmat<LogSumExpFunc>/16384,9003,77851.6,77847.5,ns,,,,,,16384
1162,BM_stan_varmat<LogSumExpFunc>/16384,9003,77646.7,77644.7,ns,,,,,,16384
1163,BM_stan_varmat<LogSumExpFunc>/16384,9003,77539.8,77538.9,ns,,,,,,16384
1164,BM_stan_varmat<LogSumExpFunc>/16384,9003,77579.0,77568.6,ns,,,,,,16384
1165,BM_stan_varmat<LogSumExpFunc>/16384,9003,77900.0,77898.3,ns,,,,,,16384
1166,BM_stan_varmat<LogSumExpFunc>/16384,9003,77670.6,77664.3,ns,,,,,,16384
1167,BM_stan_varmat<LogSumExpFunc>/16384,9003,77913.5,77897.6,ns,,,,,,16384
1168,BM_stan_varmat<LogSumExpFunc>/16384,9003,77324.2,77317.2,ns,,,,,,16384
1169,BM_stan_varmat<LogSumExpFunc>/16384,9003,77816.9,77815.2,ns,,,,,,16384
1170,BM_stan_varmat<LogSumExpFunc>/16384,9003,83385.0,83034.9,ns,,,,,,16384
1171,BM_stan_varmat<LogSumExpFunc>/16384,9003,77341.8,77338.1,ns,,,,,,16384
1172,BM_stan_varmat<LogSumExpFunc>/16384,9003,77608.8,77604.1,ns,,,,,,16384
1173,BM_stan_varmat<LogSumExpFunc>/16384,9003,77924.6,77924.6,ns,,,,,,16384
1174,BM_stan_varmat<LogSumExpFunc>/16384,9003,77288.9,77288.0,ns,,,,,,16384
1175,BM_stan_varmat<LogSumExpFunc>/16384,9003,77867.0,77848.8,ns,,,,,,16384
1176,BM_stan_varmat<LogSumExpFunc>/16384,9003,78319.6,78313.2,ns,,,,,,16384
1177,BM_stan_varmat<LogSumExpFunc>/16384,9003,77573.1,77564.9,ns,,,,,,16384
1178,BM_stan_varmat<LogSumExpFunc>/16384,9003,77720.9,77714.8,ns,,,,,,16384
1179,BM_stan_varmat<LogSumExpFunc>/16384,9003,77335.8,77335.3,ns,,,,,,16384
1180,BM_stan_varmat<LogSumExpFunc>/16384,9003,77269.8,77260.8,ns,,,,,,16384
1181,BM_stan_varmat<LogSumExpFunc>/16384,9003,77260.4,77249.9,ns,,,,,,16384
1182,BM_stan_varmat<LogSumExpFunc>/16384,9003,77362.2,77350.7,ns,,,,,,16384
1183,BM_stan_varmat<LogSumExpFunc>/16384,9003,77371.4,77359.3,ns,,,,,,16384
1184,BM_stan_varmat<LogSumExpFunc>/16384,9003,77327.6,77325.9,ns,,,,,,16384
1185,BM_stan_varmat<LogSumExpFunc>/16384,9003,77339.7,77332.8,ns,,,,,,16384
1186,BM_stan_varmat<LogSumExpFunc>/16384_mean,30,77782.5,77764.2,ns,,,,,,16384
1187,BM_stan_varmat<LogSumExpFunc>/16384_median,30,77556.5,77551.9,ns,,,,,,16384
1188,BM_stan_varmat<LogSumExpFunc>/16384_stddev,30,1089.18,1028.23,ns,,,,,,0
1189,BM_stan_varmat<LogSumExpFunc>/16384_cv,30,0.0140028,0.0132224,,,,,,,0
1190,BM_stan_varmat<LogSumExpFunc>/4,7581583,92.3106,92.3078,ns,,,,,,4
1191,BM_stan_varmat<LogSumExpFunc>/4,7581583,92.7628,92.7585,ns,,,,,,4
1192,BM_stan_varmat<LogSumExpFunc>/4,7581583,92.2925,92.2915,ns,,,,,,4
1193,BM_stan_varmat<LogSumExpFunc>/4,7581583,92.8068,92.8056,ns,,,,,,4
1194,BM_stan_varmat<LogSumExpFunc>/4,7581583,92.5692,92.5604,ns,,,,,,4
1195,BM_stan_varmat<LogSumExpFunc>/4,7581583,92.4622,92.4622,ns,,,,,,4
1196,BM_stan_varmat<LogSumExpFunc>/4,7581583,92.5745,92.5702,ns,,,,,,4
1197,BM_stan_varmat<LogSumExpFunc>/4,7581583,92.1571,92.1495,ns,,,,,,4
1198,BM_stan_varmat<LogSumExpFunc>/4,7581583,92.3212,92.307,ns,,,,,,4
1199,BM_stan_varmat<LogSumExpFunc>/4,7581583,92.2165,92.2113,ns,,,,,,4
1200,BM_stan_varmat<LogSumExpFunc>/4,7581583,91.994,91.9906,ns,,,,,,4
1201,BM_stan_varmat<LogSumExpFunc>/4,7581583,92.6648,92.6512,ns,,,,,,4
1202,BM_stan_varmat<LogSumExpFunc>/4,7581583,92.2719,92.267,ns,,,,,,4
1203,BM_stan_varmat<LogSumExpFunc>/4,7581583,92.1062,92.1057,ns,,,,,,4
1204,BM_stan_varmat<LogSumExpFunc>/4,7581583,91.9454,91.9404,ns,,,,,,4
1205,BM_stan_varmat<LogSumExpFunc>/4,7581583,92.018,92.0176,ns,,,,,,4
1206,BM_stan_varmat<LogSumExpFunc>/4,7581583,92.1084,92.1065,ns,,,,,,4
1207,BM_stan_varmat<LogSumExpFunc>/4,7581583,92.5298,92.5232,ns,,,,,,4
1208,BM_stan_varmat<LogSumExpFunc>/4,7581583,92.0931,92.0909,ns,,,,,,4
1209,BM_stan_varmat<LogSumExpFunc>/4,7581583,91.878,91.8769,ns,,,,,,4
1210,BM_stan_varmat<LogSumExpFunc>/4,7581583,92.0017,91.9965,ns,,,,,,4
1211,BM_stan_varmat<LogSumExpFunc>/4,7581583,91.8188,91.8183,ns,,,,,,4
1212,BM_stan_varmat<LogSumExpFunc>/4,7581583,91.8032,91.7916,ns,,,,,,4
1213,BM_stan_varmat<LogSumExpFunc>/4,7581583,92.0143,92.0084,ns,,,,,,4
1214,BM_stan_varmat<LogSumExpFunc>/4,7581583,92.0484,92.0456,ns,,,,,,4
1215,BM_stan_varmat<LogSumExpFunc>/4,7581583,92.0706,92.0694,ns,,,,,,4
1216,BM_stan_varmat<LogSumExpFunc>/4,7581583,93.1584,93.099,ns,,,,,,4
1217,BM_stan_varmat<LogSumExpFunc>/4,7581583,91.8572,91.8555,ns,,,,,,4
1218,BM_stan_varmat<LogSumExpFunc>/4,7581583,92.2978,92.2956,ns,,,,,,4
1219,BM_stan_varmat<LogSumExpFunc>/4,7581583,92.1172,92.1112,ns,,,,,,4
1220,BM_stan_varmat<LogSumExpFunc>/4_mean,30,92.2424,92.2362,ns,,,,,,4
1221,BM_stan_varmat<LogSumExpFunc>/4_median,30,92.1371,92.1304,ns,,,,,,4
1222,BM_stan_varmat<LogSumExpFunc>/4_stddev,30,0.326185,0.320324,ns,,,,,,0
1223,BM_stan_varmat<LogSumExpFunc>/4_cv,30,0.00353618,0.00347287,,,,,,,0
